,zone,percent_mito,eta,n_counts,n_genes
AAACCTGGTAAGTTCC,V3,0.0,0.2380137,6755.0,2033
AAACGGGCACCAACCG,V5,0.0,0.65686274,3756.0,1135
AAACGGGTCACTGGGC,V1,0.0,0.047445256,9235.0,2559
AAAGATGGTGGACGAT,V2,0.0,0.16862746,5149.0,1706
AAAGATGGTTCGGGCT,V1,0.0,0.048678722,11491.0,3079
AAAGCAAAGCTGAAAT,V4,0.0,0.5349544,3513.0,1066
AAAGCAACATGGTCAT,V1,0.0,0.06787331,13179.0,3253
AAAGTAGGTTGTGGAG,V1,0.0,0.059859157,9020.0,2584
AAATGCCAGACGCAAC,V6,0.0,0.9390244,4566.0,1055
AAATGCCAGAGCAATT,V2,0.0,0.16066483,3762.0,1373
AAATGCCTCATGGTCA,V4,0.0,0.58,3031.0,902
AACACGTAGATGTGGC,V4,0.0,0.46435452,5357.0,1692
AACACGTAGCAGGTCA,V1,0.0,0.075,13315.0,3018
AACACGTAGGGTATCG,Crypt,0.0,0.087001376,23438.0,4432
AACACGTGTTCCGTCT,V4,0.0,0.31198686,5968.0,1767
AACCGCGCAAGCGTAG,V1,0.0,0.051840723,10031.0,2747
AACCGCGCACATGGGA,V5,0.0,0.82102275,5026.0,1507
AACGTTGGTGCAGACA,V4,0.0,0.30130294,6418.0,2064
AACTCAGGTCCGTCAG,V6,0.0,0.845679,3900.0,1018
AACTCAGTCACGGTTA,V2,0.0,0.11742424,7113.0,2043
AACTCAGTCGGCTACG,V1,0.0,0.058764942,14948.0,3494
AACTCAGTCGTAGGTT,V5,0.0,0.8047619,2258.0,645
AACTCTTCAGATCTGT,V4,0.0,0.58146065,4569.0,1599
AACTCTTTCTGCTGCT,V2,0.0,0.21821035,6201.0,1973
AACTGGTAGTGACTCT,V4,0.0,0.4888889,5824.0,1755
AACTGGTGTATTACCG,V4,0.0,0.5925926,10949.0,2427
AACTTTCCACACAGAG,V2,0.0,0.14963503,10642.0,2637
AAGACCTAGGCGACAT,V1,0.0,0.053928096,11440.0,2813
AAGACCTCACGAGGTA,V2,0.0,0.23149113,7886.0,2083
AAGACCTGTAAATACG,V1,0.0,0.054155495,14711.0,3446
AAGACCTGTATTCTCT,V4,0.0,0.43057504,6754.0,2028
AAGACCTTCAGTGCAT,V2,0.0,0.16395348,7563.0,2237
AAGCCGCCATGTCCTC,V4,0.0,0.5416667,3043.0,1085
AAGCCGCTCTTGTACT,V5,0.0,0.6773163,3380.0,1215
AAGGAGCCATGTAGTC,V6,0.0,0.8341385,4683.0,1476
AAGGCAGAGCCACGCT,V4,0.0,0.5367647,5658.0,1751
AAGGTTCAGTGCTGCC,Crypt,0.0,0.05106778,8512.0,2333
AAGGTTCCACATCCGG,V5,0.0,0.702439,2344.0,907
AAGGTTCTCTGGTGTA,V5,0.0,0.5993266,4773.0,1275
AAGTCTGAGAAACCGC,V2,0.0,0.23028786,11202.0,2461
AAGTCTGTCTCAACTT,Crypt,0.0,0.04580966,22617.0,4682
AATCCAGGTCTCCATC,V4,0.0,0.4233871,5037.0,1642
AATCGGTAGACGCACA,Crypt,0.0,0.059554413,18858.0,3990
AATCGGTCATCGACGC,V2,0.0,0.13939394,9665.0,2319
ACACCAAAGAGGGCTT,V5,0.0,0.6556837,6075.0,1489
ACACCAAAGCGATAGC,V1,0.0,0.104319476,8836.0,2332
ACACCAACACTGCCAG,V5,0.0,0.6980057,3654.0,1013
ACACCAACATTACGAC,V5,0.0,0.6539924,4849.0,1525
ACACCAAGTAAGGATT,V6,0.0,0.90340906,2328.0,645
ACACCAAGTTCCCTTG,V5,0.0,0.6381631,8858.0,2088
ACACCAATCGTGGGAA,V1,0.0,0.04875,11481.0,2705
ACACCAATCTCTAAGG,V5,0.0,0.762987,4001.0,1076
ACACCCTCAATCTACG,V6,0.0,0.83815026,5566.0,1542
ACACCCTCAGGTCCAC,Crypt,0.0,0.05879319,17752.0,4135
ACACCGGCACCGAAAG,Crypt,0.0,0.041560102,11790.0,2702
ACACCGGCACTGTCGG,V4,0.0,0.47869673,5670.0,1571
ACACTGACATCCGGGT,Crypt,0.0,0.04005525,11432.0,2865
ACACTGATCCTGCTTG,V4,0.0,0.5322581,5659.0,1781
ACAGCCGCAATCCGAT,V5,0.0,0.7225,4117.0,1059
ACATCAGGTACCATCA,V5,0.0,0.7345041,8010.0,1905
ACATGGTAGAGTAATC,V5,0.0,0.81054896,7306.0,1772
ACCAGTAGTCTCCCTA,Crypt,0.0,0.080617495,13551.0,3229
ACCAGTAGTGGTCTCG,V4,0.0,0.5247706,5327.0,1609
ACCAGTAGTTTAAGCC,V5,0.0,0.6771653,2772.0,764
ACCGTAATCACCGGGT,V5,0.0,0.7804878,2402.0,683
ACCGTAATCTCAAACG,V3,0.0,0.2647504,6974.0,2112
ACGAGGAGTCTCGTTC,V1,0.0,0.056267805,10790.0,2610
ACGATACAGGAGTTGC,Crypt,0.0,0.050951846,14563.0,3483
ACGATGTGTCCGTTAA,V2,0.0,0.20626152,9328.0,2507
ACGCAGCAGACTAGAT,V2,0.0,0.1602289,6183.0,1881
ACGCAGCCATGCAATC,Crypt,0.0,0.059431523,16258.0,3599
ACGCAGCTCGCTTAGA,V4,0.0,0.56828195,3706.0,1094
ACGCCGATCAAACAAG,V6,0.0,0.9015606,4958.0,1231
ACGGAGAAGTACATGA,V5,0.0,0.6304348,2981.0,890
ACGGCCAAGGCATGTG,V2,0.0,0.17823835,11375.0,2918
ACGGCCACAGGATCGA,V1,0.0,0.06036892,12952.0,2959
ACGGGCTCAGACAGGT,Crypt,0.0,0.05451037,16894.0,3671
ACGGGCTGTGGCCCTA,V4,0.0,0.5783784,2377.0,778
ACGGGCTTCTCTGAGA,V4,0.0,0.36654803,6070.0,1929
ACGGGTCAGCTCCCAG,V4,0.0,0.3248731,5344.0,1761
ACGGGTCCAGTCGATT,V5,0.0,0.61648744,3532.0,936
ACGGGTCGTGCACCAC,V4,0.0,0.34463277,6475.0,1975
ACGGGTCTCGCGTAGC,V1,0.0,0.07016349,10362.0,2687
ACGTCAACATTACCTT,V4,0.0,0.30684328,7179.0,1899
ACTATCTCAGATCCAT,V6,0.0,0.91408116,3068.0,732
ACTATCTCATCTACGA,V4,0.0,0.50701755,5170.0,1689
ACTATCTGTCTCTTTA,V4,0.0,0.41317365,5304.0,1751
ACTGAACGTGGGTATG,V4,0.0,0.3897059,2988.0,968
ACTGAACTCGCCCTTA,V5,0.0,0.6628571,4432.0,1168
ACTGAGTAGTCCATAC,V1,0.0,0.04982752,19574.0,3983
ACTGAGTGTGATGCCC,Crypt,0.0,0.061444968,12630.0,3473
ACTGATGAGATGCCAG,Crypt,0.0,0.04863813,12892.0,3463
ACTGATGTCCCTAACC,V6,0.0,0.94543827,5561.0,1180
ACTGATGTCGGCCGAT,V1,0.0,0.07070707,9056.0,2518
ACTGCTCAGGCTCAGA,V5,0.0,0.75838923,6733.0,1868
ACTGCTCTCAACACTG,V4,0.0,0.4875346,4501.0,1386
ACTGTCCAGCCGTCGT,V4,0.0,0.41431263,4920.0,1531
ACTTACTAGCACACAG,V4,0.0,0.37347296,6001.0,1899
ACTTGTTAGTGGCACA,Crypt,0.0,0.049915873,15472.0,3405
ACTTGTTCAAGGTGTG,V2,0.0,0.20570013,6562.0,2008
ACTTGTTTCCGTTGCT,V1,0.0,0.08569051,8687.0,2445
ACTTTCACACCCATTC,V2,0.0,0.20144928,6052.0,1963
AGAATAGAGAACTGTA,Crypt,0.0,0.08926261,14796.0,3873
AGAATAGCAACGATCT,V2,0.0,0.13419484,8649.0,2446
AGAATAGGTAGCCTAT,Crypt,0.0,0.0425,8855.0,2453
AGACGTTGTCTCTTAT,Crypt,0.0,0.047149893,11105.0,2825
AGACGTTGTGCAACGA,Crypt,0.0,0.059953883,9661.0,2638
AGACGTTTCAGAAATG,V4,0.0,0.4035326,5689.0,1693
AGAGCGAAGTTAGCGG,Crypt,0.0,0.061255742,10475.0,2909
AGAGCGATCTTGACGA,V6,0.0,0.9424342,3721.0,789
AGAGCTTAGCGTTTAC,Crypt,0.0,0.06427221,16846.0,3677
AGAGCTTCAGTAGAGC,V6,0.0,0.92671007,3096.0,846
AGAGCTTGTGATGTCT,V4,0.0,0.5596817,5679.0,1672
AGAGTGGAGACTTTCG,V4,0.0,0.57894737,3641.0,1063
AGAGTGGGTGCTTCTC,V4,0.0,0.46029776,5669.0,1625
AGATCTGCATGTAAGA,V2,0.0,0.12953995,7229.0,2143
AGATTGCAGCTGAACG,V4,0.0,0.56060606,7947.0,2325
AGATTGCTCAAACCAC,V6,0.0,0.8728025,5381.0,1429
AGCAGCCAGACCCACC,Crypt,0.0,0.06589958,8352.0,2358
AGCAGCCCATACTCTT,V6,0.0,0.93351424,4410.0,860
AGCAGCCCATTCTCAT,Crypt,0.0,0.043773904,18973.0,3853
AGCAGCCGTACAGACG,Crypt,0.0,0.057539683,11254.0,2828
AGCATACTCGTACGGC,Crypt,0.0,0.039246466,9948.0,2653
AGCCTAAGTAATTGGA,V6,0.0,0.85915494,4789.0,1196
AGCGGTCTCACATGCA,Crypt,0.0,0.04667283,17614.0,3712
AGCGTCGGTAGTACCT,V4,0.0,0.38388625,4531.0,1597
AGCTCCTCAGCCAGAA,V3,0.0,0.24464832,4833.0,1767
AGCTCCTGTTGAGGTG,Crypt,0.0,0.04513064,3494.0,1348
AGCTTGAGTTCCCTTG,V6,0.0,0.872093,2139.0,710
AGGCCACAGACACGAC,V1,0.0,0.072899275,14826.0,3580
AGGCCACGTATAAACG,V1,0.0,0.0631845,8343.0,2358
AGGCCACGTTTGGCGC,V2,0.0,0.23027167,7462.0,2287
AGGCCGTCAAGCGTAG,V6,0.0,0.9065934,4189.0,1234
AGGCCGTCATGTCGAT,V2,0.0,0.16352202,10586.0,2618
AGGCCGTTCAAACCAC,V4,0.0,0.52149945,6858.0,1802
AGGGAGTTCACCTTAT,V4,0.0,0.5681818,4022.0,1440
AGGGATGAGCGTTCCG,V2,0.0,0.12598425,6497.0,1941
AGGGATGGTTGGTAAA,V4,0.0,0.31101814,6665.0,1970
AGGGATGTCCTATGTT,Crypt,0.0,0.069055945,8700.0,2404
AGGGATGTCGCCCTTA,V4,0.0,0.50630254,5168.0,1265
AGGGTGACATCCGGGT,Crypt,0.0,0.17947142,13983.0,3243
AGGGTGAGTTTGTTGG,V2,0.0,0.14328358,7462.0,2253
AGGTCATTCAGCTCGG,V1,0.0,0.06633733,9514.0,2536
AGGTCATTCCTTAATC,Crypt,0.0,0.04808081,19734.0,4404
AGGTCATTCTCATTCA,V6,0.0,0.9285714,2388.0,490
AGTAGTCAGCTAGGCA,V6,0.0,0.832998,4058.0,1043
AGTAGTCCACATGGGA,V6,0.0,0.9235226,4438.0,1197
AGTAGTCGTGATGCCC,V5,0.0,0.769821,3573.0,1199
AGTAGTCTCGCCAAAT,Crypt,0.0,0.043423273,19136.0,4136
AGTCTTTGTGTTCGAT,V5,0.0,0.676259,6449.0,1845
AGTCTTTTCACAAACC,V4,0.0,0.5488722,4647.0,1511
AGTGAGGAGAGGTACC,V1,0.0,0.059476607,18675.0,3830
AGTGAGGAGCTGAAAT,V5,0.0,0.7420561,5684.0,1399
AGTGAGGCATCGATGT,V2,0.0,0.1858618,11011.0,2811
AGTGAGGTCACCTTAT,V4,0.0,0.41025642,5621.0,1600
AGTGAGGTCACGATGT,V2,0.0,0.13656783,8471.0,2379
AGTGGGATCTCGCTTG,V1,0.0,0.057371993,15681.0,3745
AGTGGGATCTTGTTTG,V4,0.0,0.56060606,5175.0,1765
ATAACGCAGAAGATTC,V4,0.0,0.56747407,3863.0,1018
ATAAGAGGTGCACTTA,V2,0.0,0.13319673,8503.0,2457
ATAAGAGGTTGCGTTA,Crypt,0.0,0.21732955,11606.0,3179
ATAGACCCAATAACGA,V5,0.0,0.7400881,3118.0,800
ATAGACCCACACAGAG,Crypt,0.0,0.056651816,12445.0,3282
ATAGACCGTCCATGAT,V6,0.0,0.96216214,1926.0,494
ATCACGACATACTCTT,V4,0.0,0.39751554,2113.0,976
ATCACGAGTTATGTGC,V5,0.0,0.65784115,5518.0,1188
ATCACGATCAAGGTAA,V5,0.0,0.62335956,5927.0,1567
ATCATCTAGCATGGCA,V6,0.0,0.9140401,5409.0,1331
ATCATCTAGGGAACGG,V1,0.0,0.08415147,10633.0,2743
ATCATCTCACTCGACG,V5,0.0,0.76086956,3130.0,899
ATCCACCGTAACGACG,Crypt,0.0,0.07551766,6773.0,2185
ATCCACCTCACTATTC,V5,0.0,0.7830803,4119.0,1313
ATCCGAAAGGAACTGC,V3,0.0,0.26213592,6187.0,1907
ATCCGAACAGGCAGTA,V4,0.0,0.5224072,7328.0,2001
ATCCGAAGTCCGAGTC,V6,0.0,0.8567119,4548.0,1055
ATCGAGTAGCGTCAAG,V4,0.0,0.5650289,7890.0,2086
ATCGAGTCATTTGCCC,V5,0.0,0.8097826,2486.0,669
ATCGAGTGTTCGCTAA,V4,0.0,0.53688526,2835.0,837
ATCTACTAGCGTTGCC,V4,0.0,0.5452539,6345.0,1446
ATCTACTGTTACTGAC,Crypt,0.0,0.068445474,7271.0,2308
ATCTGCCGTTCCGTCT,V2,0.0,0.17146777,7631.0,2189
ATGCGATCAAAGGTGC,V6,0.0,0.88538206,4299.0,1078
ATGCGATTCTACCTGC,V4,0.0,0.5023148,4441.0,1489
ATGCGATTCTTGACGA,Crypt,0.0,0.05976431,9176.0,2424
ATGGGAGGTATAGGGC,V4,0.0,0.37381405,8355.0,2214
ATTACTCTCCAAGCCG,V3,0.0,0.2885246,5295.0,1839
ATTATCCAGGGCATGT,V1,0.0,0.095032394,10323.0,2562
ATTATCCAGTATCTCG,V1,0.0,0.09803922,6167.0,2050
ATTCTACAGCCCGAAA,V6,0.0,0.8822034,5570.0,1308
ATTCTACCACATGACT,Crypt,0.0,0.06022409,11877.0,3015
ATTGGACCATTGCGGC,V5,0.0,0.6013986,2193.0,827
ATTGGACTCAAAGACA,Crypt,0.0,0.040229887,14594.0,3499
ATTTCTGAGACAGGCT,V4,0.0,0.57258064,3821.0,913
ATTTCTGGTAGCGTAG,V5,0.0,0.60932297,7286.0,1778
ATTTCTGTCAAACGGG,V6,0.0,0.8820513,5781.0,1245
CAACCAACAATCTGCA,V5,0.0,0.74210525,7213.0,1824
CAACCTCAGTTCCACA,Crypt,0.0,0.05898416,15776.0,3747
CAACCTCGTTGGACCC,V1,0.0,0.109729335,10153.0,2617
CAACCTCTCCTTTACA,Crypt,0.0,0.10623085,8592.0,2751
CAACTAGAGGCCCTCA,V6,0.0,0.8884892,2349.0,741
CAAGAAAGTGTGAAAT,V1,0.0,0.052823316,11503.0,2676
CAAGGCCAGTGCTGCC,V5,0.0,0.7883212,4858.0,1279
CAAGGCCCACCTCGGA,V6,0.0,0.85804415,6796.0,1524
CAAGGCCTCAGTTGAC,Crypt,0.0,0.061420344,15868.0,3490
CAAGTTGCACAGGTTT,V4,0.0,0.59263957,7681.0,2170
CAAGTTGCACCGAAAG,V2,0.0,0.20960699,6475.0,1845
CAAGTTGCAGACGCCT,V3,0.0,0.2554693,12269.0,2872
CAAGTTGGTCCGAACC,Crypt,0.0,0.041549295,12104.0,3055
CACAAACAGTACGACG,V1,0.0,0.0422177,14551.0,3272
CACAAACGTTCCAACA,V6,0.0,0.8465388,6298.0,1548
CACACCTAGGCTCAGA,Crypt,0.0,0.054649267,9199.0,2624
CACACCTCATAACCTG,V5,0.0,0.743295,4072.0,991
CACACCTGTCTACCTC,V3,0.0,0.27586207,10244.0,2345
CACACTCCACGGATAG,V4,0.0,0.3051181,5177.0,1761
CACACTCGTCTTCGTC,V6,0.0,0.93764436,2875.0,691
CACAGTATCCCATTAT,V5,0.0,0.8,4392.0,1269
CACAGTATCGGAAACG,V6,0.0,0.8403162,6932.0,1663
CACAGTATCTCAAACG,V6,0.0,0.83972126,2881.0,819
CACATTTGTCACTTCC,V1,0.0,0.06788184,13664.0,3395
CACATTTTCCCATTTA,V4,0.0,0.4121212,4346.0,1478
CACCACTCAAAGTGCG,Crypt,0.0,0.050724637,2295.0,1042
CACCTTGAGGATTCGG,V2,0.0,0.19354838,5976.0,1856
CACCTTGCAACTGCGC,V5,0.0,0.67892975,3206.0,1165
CACTCCAAGTCATGCT,V4,0.0,0.3370607,5633.0,1707
CACTCCAAGTGTTTGC,Crypt,0.0,0.049511854,11279.0,2795
CAGAATCGTTGCGCAC,V5,0.0,0.65198237,4472.0,1267
CAGAGAGAGTAAGTAC,Crypt,0.0,0.049902152,8462.0,2234
CAGAGAGGTAATCACC,V5,0.0,0.7435233,3275.0,1056
CAGAGAGGTCATATGC,V1,0.0,0.056764428,8309.0,2353
CAGATCACATCGATTG,V4,0.0,0.36597937,4897.0,1601
CAGATCAGTCAACATC,V2,0.0,0.23076923,6006.0,1751
CAGATCATCTTTCCTC,V6,0.0,0.964152,8134.0,1401
CAGCAGCCACCTTGTC,V3,0.0,0.27713922,7123.0,2097
CAGCAGCGTCGCATCG,Crypt,0.0,0.043297254,9670.0,2474
CAGCAGCGTTAGGGTG,V5,0.0,0.60777384,5682.0,1490
CAGCAGCTCACCCGAG,V3,0.0,0.25126645,7877.0,2062
CAGCTAAAGCTGCAAG,Crypt,0.0,0.04463643,9758.0,2620
CAGCTGGCAATGTTGC,V1,0.0,0.056429233,8222.0,2423
CAGCTGGCACAGACTT,V4,0.0,0.35535976,6223.0,1950
CAGCTGGGTCGTCTTC,V6,0.0,0.94699645,3849.0,877
CAGGTGCAGCCCAGCT,V3,0.0,0.2631579,5974.0,1864
CAGGTGCGTAAAGGAG,V4,0.0,0.46153846,4097.0,1175
CAGTCCTAGGTAAACT,Crypt,0.0,0.08120805,11812.0,3120
CAGTCCTTCGCAAACT,V1,0.0,0.08888889,8693.0,2471
CATATGGAGCGATCCC,Crypt,0.0,0.057753164,9487.0,2393
CATATGGGTATATGAG,V2,0.0,0.118767,9079.0,2615
CATATTCGTCTTTCAT,V1,0.0,0.091593474,7278.0,2232
CATATTCTCAACGAAA,Crypt,0.0,0.08023694,14776.0,3823
CATCAAGCAATAAGCA,V2,0.0,0.20689656,6011.0,1496
CATCAAGGTACCATCA,V4,0.0,0.51666665,5761.0,1776
CATCAAGTCAACACAC,V5,0.0,0.6403509,4426.0,1514
CATCAGATCCGGGTGT,V5,0.0,0.6730964,7451.0,1916
CATCGAAAGATGCCTT,V6,0.0,0.944,3628.0,961
CATCGAACAGTGGGAT,V6,0.0,0.88369966,6665.0,1768
CATCGAATCCGCGTTT,V5,0.0,0.7994769,6594.0,1707
CATCGGGAGCCACGCT,V1,0.0,0.05505279,10172.0,2772
CATCGGGCAAGACGTG,V4,0.0,0.4673913,4243.0,1208
CATGACAAGACGCAAC,V2,0.0,0.17961784,6723.0,1985
CATGACACACCGATAT,V1,0.0,0.046248715,15547.0,3532
CATGCCTCAACTTGAC,V1,0.0,0.094879515,9714.0,2542
CATGCCTGTCGGCACT,V6,0.0,0.91608393,1982.0,596
CATGGCGTCGGAATCT,V5,0.0,0.61077845,7323.0,2009
CATTATCCACTAAGTC,V4,0.0,0.38317758,8224.0,2136
CATTATCCACTCAGGC,V3,0.0,0.2600536,6305.0,1916
CATTATCGTAGGACAC,Crypt,0.0,0.061231885,22213.0,4495
CATTCGCAGGAATTAC,V2,0.0,0.16758242,8023.0,2214
CCAATCCGTTCGTTGA,V1,0.0,0.04108681,11426.0,2962
CCAATCCTCCTTAATC,V1,0.0,0.07410237,9234.0,2587
CCAATCCTCGATGAGG,V5,0.0,0.78969073,4522.0,1175
CCAATCCTCTCCGGTT,V5,0.0,0.7108434,4310.0,1205
CCACCTAAGAGCTTCT,V4,0.0,0.59742826,9531.0,2350
CCACCTAAGATCCCAT,Crypt,0.0,0.040587824,10810.0,2759
CCACCTACACAAGCCC,V3,0.0,0.26203966,6226.0,1923
CCACCTACACGACTCG,V5,0.0,0.67608696,5651.0,1263
CCACCTAGTCTCCCTA,V6,0.0,0.8647343,4453.0,1110
CCACGGAAGTGTACTC,V4,0.0,0.51521295,5262.0,1727
CCAGCGAAGTAGCGGT,V1,0.0,0.04138399,9961.0,2586
CCAGCGAAGTTCGCGC,V1,0.0,0.05490549,7769.0,2231
CCAGCGACATTCTCAT,V4,0.0,0.4268559,9085.0,2352
CCATTCGGTCGCGAAA,V4,0.0,0.35664335,4776.0,1532
CCATTCGTCACCACCT,V4,0.0,0.45435244,8912.0,2375
CCCAGTTTCACATACG,V4,0.0,0.52963674,4390.0,1456
CCCAGTTTCATTGCGA,Crypt,0.0,0.06739871,21026.0,4320
CCCATACCAATCACAC,V5,0.0,0.59949625,3638.0,1245
CCCATACCATCGGAAG,V4,0.0,0.492,4381.0,1102
CCCATACTCCTGCAGG,V5,0.0,0.64640886,3468.0,963
CCCTCCTCAGATCCAT,V6,0.0,0.9439655,2744.0,764
CCCTCCTGTTAAGATG,Crypt,0.0,0.041870203,12015.0,3264
CCCTCCTTCAGCATGT,V2,0.0,0.20767196,5845.0,1796
CCGGTAGCAGGGCATA,V5,0.0,0.809901,4512.0,1277
CCGGTAGGTTAAGATG,V2,0.0,0.19220056,5264.0,1557
CCGTACTCATCACGAT,V2,0.0,0.11561691,9226.0,2557
CCGTACTGTGGCGAAT,V5,0.0,0.65318626,6904.0,1642
CCGTGGAGTCGAGTTT,V6,0.0,0.9291139,5155.0,1164
CCGTTCAAGGTTCCTA,V4,0.0,0.40354767,4690.0,1567
CCGTTCAGTCAACATC,V1,0.0,0.062368605,11104.0,2868
CCGTTCATCGCAGGCT,Crypt,0.0,0.057168785,9130.0,2476
CCTACACAGAAACCGC,V2,0.0,0.1609808,7907.0,2322
CCTACACAGCGATTCT,V2,0.0,0.13820225,7377.0,2280
CCTACACGTCGAACAG,V4,0.0,0.55227274,6192.0,1488
CCTACACGTTCCCTTG,Crypt,0.0,0.0594884,12559.0,3025
CCTACCAAGTCCTCCT,V6,0.0,0.9431818,3151.0,775
CCTATTAAGTGAACAT,Crypt,0.0,0.05543512,25518.0,4882
CCTATTAAGTGTCCCG,V5,0.0,0.70731705,6231.0,1821
CCTATTAGTCTAGCGC,Crypt,0.0,0.045553144,8000.0,2407
CCTATTATCGGTTCGG,V3,0.0,0.26522595,4989.0,1850
CCTCAGTCACCTCGTT,V1,0.0,0.048881955,11986.0,2797
CCTCAGTCAGCCAGAA,V1,0.0,0.07481898,8961.0,2464
CCTCAGTTCATGTCCC,V5,0.0,0.7345679,3333.0,1072
CCTCTGAAGTGTACTC,V6,0.0,0.93434346,2718.0,677
CCTTCCCTCCAATGGT,V4,0.0,0.5,2830.0,956
CCTTTCTGTTCCACTC,V1,0.0,0.07789474,7827.0,2289
CCTTTCTGTTGGTAAA,V6,0.0,0.90578514,3149.0,899
CCTTTCTTCTCACATT,V6,0.0,0.8924303,4722.0,1454
CGAACATAGTCCCACG,Crypt,0.0,0.041436464,8580.0,2448
CGAACATCAAGCCATT,Crypt,0.0,0.058616646,6859.0,2312
CGAATGTAGCTGCGAA,V6,0.0,0.8427673,4253.0,1034
CGAATGTCAGTACACT,V6,0.0,0.8842444,2551.0,809
CGAATGTCATCTACGA,V6,0.0,0.9255319,6786.0,1383
CGACCTTCACTGTCGG,Crypt,0.0,0.043273013,10389.0,2861
CGACTTCAGTTACCCA,V2,0.0,0.22344828,7890.0,2221
CGACTTCGTCCTAGCG,V1,0.0,0.08861859,8970.0,2557
CGAGAAGAGCGTTCCG,Crypt,0.0,0.077504724,8298.0,2304
CGAGAAGCAAGGTTTC,V3,0.0,0.2875,4797.0,1364
CGAGAAGGTTCTCATT,Crypt,0.0,0.05141844,17904.0,4001
CGAGCACCACATGGGA,V1,0.0,0.05668016,10470.0,2722
CGAGCCACAGTAAGCG,V4,0.0,0.50928384,3931.0,1286
CGATCGGCAGTGGAGT,V1,0.0,0.041811846,8084.0,2194
CGATCGGGTAAAGGAG,V4,0.0,0.37974682,5482.0,1758
CGATCGGTCCTACAGA,V2,0.0,0.16401468,5961.0,1739
CGATGGCTCAATCTCT,V4,0.0,0.44009218,3846.0,1410
CGATGTAAGCTCCTTC,V1,0.0,0.04563492,15383.0,3354
CGATGTATCAACACAC,V1,0.0,0.09553479,7706.0,2208
CGATTGAAGCCAGTTT,V2,0.0,0.13594662,8923.0,2448
CGCGGTACAGCGATCC,V4,0.0,0.5418327,3902.0,1042
CGCGGTAGTATGAATG,V1,0.0,0.08350644,15799.0,3345
CGCGGTAGTTCTCATT,V2,0.0,0.20493358,5334.0,1736
CGCTATCCACGTCAGC,V2,0.0,0.18068965,5684.0,1853
CGCTTCATCCTTTCTC,V4,0.0,0.2970297,7944.0,2220
CGGACACCACATGGGA,V5,0.0,0.6852792,3003.0,861
CGGACACCAGCTATTG,V2,0.0,0.11414392,7731.0,2371
CGGACGTGTAAATACG,V2,0.0,0.23638344,8383.0,2366
CGGACTGCAGATGGCA,Crypt,0.0,0.065485366,9491.0,2555
CGGACTGTCAGGCCCA,V1,0.0,0.059967585,8738.0,2438
CGGAGTCCAGCTGTGC,Crypt,0.0,0.13400577,7666.0,2633
CGGAGTCCAGGACCCT,V4,0.0,0.3899371,7228.0,1921
CGGCTAGTCCTTTCTC,V6,0.0,0.91495603,1910.0,655
CGGGTCAGTATAGGTA,V2,0.0,0.15427509,5857.0,1985
CGGTTAACATACGCCG,V4,0.0,0.434,6379.0,1866
CGGTTAACATTAACCG,V2,0.0,0.21610169,6146.0,1980
CGGTTAATCTTCGGTC,V2,0.0,0.18604651,7883.0,2308
CGTAGCGAGGATCGCA,V3,0.0,0.25630254,4068.0,1474
CGTAGCGAGTTTGCGT,V2,0.0,0.1886121,8475.0,2455
CGTAGCGGTGGCAAAC,V2,0.0,0.14304993,10179.0,2447
CGTAGCGTCTTGTCAT,V4,0.0,0.5846154,7699.0,2095
CGTAGGCAGAGGTACC,V5,0.0,0.63212925,6732.0,2091
CGTAGGCCAGTATAAG,V6,0.0,0.93636364,2169.0,655
CGTAGGCGTCGAACAG,V1,0.0,0.064432986,8618.0,2369
CGTAGGCTCAAACCAC,V1,0.0,0.048387095,9886.0,2677
CGTCACTTCAGCCTAA,V2,0.0,0.19220309,8360.0,2221
CGTCCATAGTCGAGTG,V1,0.0,0.093457945,10027.0,2585
CGTCTACAGATACACA,V3,0.0,0.28100264,8910.0,2324
CGTGAGCAGGGATGGG,V4,0.0,0.32417583,3858.0,1110
CGTGTCTGTAAGTAGT,V2,0.0,0.143,9099.0,2622
CGTGTCTGTTGGAGGT,V4,0.0,0.38033396,5616.0,1753
CGTGTCTGTTGTCTTT,V1,0.0,0.04751922,11400.0,2786
CGTTAGATCTATCCCG,V6,0.0,0.9410256,2256.0,625
CTAACTTAGAGGACGG,Crypt,0.0,0.061782878,10847.0,2957
CTAAGACCAGATCGGA,V5,0.0,0.64689267,3772.0,1267
CTAAGACCATATGGTC,V5,0.0,0.7674699,5203.0,1595
CTACACCCAAGTCATC,V2,0.0,0.16380368,12993.0,2798
CTACACCGTATAGGTA,V5,0.0,0.75126904,2520.0,748
CTACATTGTGACGGTA,V1,0.0,0.08235294,6062.0,1803
CTACATTTCATGCTCC,V4,0.0,0.3115124,9777.0,2451
CTACATTTCGGTTAAC,V3,0.0,0.2866995,9871.0,2804
CTACCCAAGTGTTAGA,Crypt,0.0,0.089191236,12230.0,3422
CTACGTCCATCCTAGA,V5,0.0,0.82608694,5247.0,1383
CTACGTCCATTTGCTT,V1,0.0,0.04820717,20223.0,4089
CTACGTCTCACCACCT,V1,0.0,0.092488505,13927.0,3292
CTAGAGTAGTCGTACT,V1,0.0,0.09137056,5839.0,1961
CTAGTGACAACACGCC,V4,0.0,0.57731956,4392.0,1271
CTAGTGACATTCGACA,Crypt,0.0,0.068988614,11663.0,3079
CTAGTGAGTTCACCTC,V5,0.0,0.7912088,8448.0,1957
CTAGTGAGTTTCCACC,V5,0.0,0.7909968,2321.0,899
CTCACACGTAAATGAC,V5,0.0,0.6851351,6364.0,1563
CTCACACGTCTCACCT,V4,0.0,0.48563218,5139.0,1190
CTCAGAACACCCAGTG,V5,0.0,0.63253695,6266.0,1674
CTCATTAAGTGGGTTG,Crypt,0.0,0.05244253,8790.0,2369
CTCCTAGGTTTGGCGC,Crypt,0.0,0.050670642,5574.0,1781
CTCGAGGAGAATTGTG,V1,0.0,0.045422286,10077.0,2611
CTCGAGGCATTGGGCC,V4,0.0,0.30408922,12278.0,2814
CTCGGGACATCGACGC,V4,0.0,0.345,5435.0,1787
CTCGTACGTACCTACA,V5,0.0,0.68209875,4203.0,1107
CTCGTACTCAATCACG,Crypt,0.0,0.061919503,3381.0,1172
CTCGTACTCGATCCCT,Crypt,0.0,0.06346667,14557.0,3388
CTCGTCAAGGAATTAC,V1,0.0,0.044191018,22776.0,4409
CTCGTCAGTTAGATGA,Crypt,0.0,0.0795756,14058.0,3690
CTCTAATCAGTATGCT,V5,0.0,0.7701422,3772.0,1089
CTCTAATCAGTTTACG,V5,0.0,0.6475645,4854.0,1313
CTCTAATGTGATGATA,V4,0.0,0.32869565,5076.0,1617
CTCTACGCAAAGGTGC,V1,0.0,0.07172225,13899.0,3169
CTCTACGTCAAGATCC,V2,0.0,0.12311901,11562.0,2812
CTGAAGTGTGTGCCTG,V1,0.0,0.07265388,12506.0,2868
CTGATAGCAGACAGGT,Crypt,0.0,0.06103576,13759.0,3188
CTGATCCCACGACGAA,V3,0.0,0.25518927,7064.0,1941
CTGATCCCATCCCATC,V4,0.0,0.34055728,4266.0,1475
CTGATCCGTACGAAAT,V5,0.0,0.6103896,4652.0,1261
CTGATCCGTGCCTGCA,V6,0.0,0.86482334,3750.0,1122
CTGATCCTCGTGGACC,Crypt,0.0,0.043997016,10275.0,2645
CTGCCTAAGATGCGAC,Crypt,0.0,0.062358275,14018.0,3256
CTGCTGTGTCCAGTGC,V5,0.0,0.6946565,2828.0,922
CTGCTGTGTTCGTCTC,V4,0.0,0.5696517,4317.0,1482
CTGCTGTTCAGTCCCT,Crypt,0.0,0.046394635,15647.0,3668
CTGCTGTTCCACGAAT,V2,0.0,0.22878788,5636.0,1716
CTGGTCTTCAGCACAT,V5,0.0,0.68358207,3315.0,1109
CTGTGCTCAATGGAAT,V2,0.0,0.18430656,4729.0,1654
CTGTGCTTCCTCAACC,V5,0.0,0.7794872,3634.0,1191
CTGTTTAAGATAGTCA,V4,0.0,0.5623472,4047.0,1234
CTGTTTACAGGGCATA,Crypt,0.0,0.05749636,10256.0,2499
CTTAACTAGATGTCGG,V2,0.0,0.15695067,5097.0,1801
CTTAACTCATGAGCGA,V6,0.0,0.8333333,4951.0,1261
CTTAACTGTTACTGAC,V1,0.0,0.046529967,9602.0,2657
CTTAACTGTTCGCGAC,V1,0.0,0.038732395,3839.0,1383
CTTACCGGTCAGAAGC,Crypt,0.0,0.049122807,9054.0,2503
CTTAGGACACCCATTC,V6,0.0,0.9299124,3295.0,915
CTTCTCTAGCTCCTCT,V4,0.0,0.42394367,6095.0,1921
CTTCTCTCAGCTGTAT,Crypt,0.0,0.056074765,8800.0,2444
CTTCTCTGTCATATCG,V4,0.0,0.4181818,7052.0,1945
CTTGGCTAGGAGTTGC,V4,0.0,0.58915836,5959.0,1700
GAAACTCGTGAAATCA,V4,0.0,0.45403376,5175.0,1673
GAAATGAGTACAGACG,V6,0.0,0.90954775,2924.0,804
GAAATGAGTTATCCGA,V6,0.0,0.8396226,3422.0,1077
GAACCTATCGCGGATC,V6,0.0,0.93162394,2014.0,573
GAACGGACATATGAGA,V1,0.0,0.06633907,9807.0,2608
GAACGGAGTCCCGACA,Crypt,0.0,0.049490537,17290.0,3864
GAACGGATCCTGTAGA,V5,0.0,0.60307693,6204.0,1757
GAAGCAGGTACAGTTC,V2,0.0,0.14459161,7461.0,2256
GAAGCAGTCGGTTCGG,V5,0.0,0.69005847,7259.0,1830
GAATAAGCAGACAAAT,V6,0.0,0.8994294,6471.0,1386
GAATAAGGTTGATTGC,Crypt,0.0,0.06305506,8752.0,2588
GAATAAGTCAGCGACC,V6,0.0,0.9459459,2748.0,601
GAATGAAGTCCGTTAA,Crypt,0.0,0.029017856,3524.0,1306
GACACGCTCAACGAAA,Crypt,0.0,0.048744462,11629.0,3014
GACAGAGAGGTGACCA,Crypt,0.0,0.050020333,21005.0,4020
GACCAATGTTTAGGAA,V4,0.0,0.43659043,5267.0,1724
GACGTTACAGTTTACG,V3,0.0,0.24317618,6159.0,1825
GACGTTAGTGTTGGGA,V1,0.0,0.08667288,9049.0,2519
GACTAACTCTGAAAGA,V4,0.0,0.33333334,4789.0,1700
GAGGTGACAACTGCTA,V2,0.0,0.13680388,6419.0,2029
GAGTCCGCAATGGAAT,V4,0.0,0.519403,5481.0,1278
GATCAGTAGTCAATAG,V2,0.0,0.23486683,5006.0,1766
GATCAGTCAATCGGTT,V1,0.0,0.04713959,15183.0,3409
GATCAGTGTAGTGAAT,V6,0.0,0.9290254,4589.0,1108
GATCGATTCGTTTGCC,V5,0.0,0.7722513,3184.0,978
GATCGCGTCCCAAGAT,V6,0.0,0.8789809,6489.0,1362
GATCGTACATCCGGGT,V3,0.0,0.2513369,5521.0,1944
GATCGTAGTGGTGTAG,V1,0.0,0.06465899,8539.0,2498
GATCTAGCAAAGCGGT,V6,0.0,0.8497409,2293.0,812
GATCTAGGTAAGAGGA,V1,0.0,0.042949177,12662.0,3209
GATGAAACACGCATCG,V6,0.0,0.84661835,6623.0,1565
GATGAAAGTCAATGTC,V1,0.0,0.041572526,18952.0,4043
GATGAGGCAGCCTTGG,V6,0.0,0.9367397,4321.0,1040
GATGAGGGTCTTCAAG,V4,0.0,0.53962266,3233.0,1033
GATGAGGTCATTTGGG,V4,0.0,0.31317204,7191.0,2166
GATGCTAGTACTCAAC,V1,0.0,0.053793103,10583.0,2664
GATTCAGCACTTACGA,Crypt,0.0,0.06394708,7624.0,2284
GATTCAGTCACTTACT,V2,0.0,0.124267295,6792.0,2105
GCAAACTCAATGCCAT,V4,0.0,0.403125,4615.0,1384
GCAAACTGTCACACGC,V1,0.0,0.049513705,16147.0,3667
GCAATCAAGATCCTGT,V3,0.0,0.23871733,7910.0,2386
GCACTCTAGGTGATTA,V5,0.0,0.71428573,3143.0,885
GCACTCTCAGCCAATT,Crypt,0.0,0.05034213,15665.0,3592
GCACTCTGTGAAAGAG,V2,0.0,0.15060908,8227.0,2403
GCACTCTTCCATGAAC,V4,0.0,0.5148248,5127.0,1260
GCACTCTTCCTTGCCA,V3,0.0,0.2804348,10921.0,2672
GCAGCCAGTTAAGACA,V1,0.0,0.07236842,10743.0,2753
GCAGTTAGTCTTGCGG,V4,0.0,0.2992248,6379.0,1932
GCATGATAGAAGGACA,V1,0.0,0.045102507,16808.0,3642
GCATGATCAAGCGATG,V2,0.0,0.2173913,4081.0,1551
GCATGATGTTAAGACA,V4,0.0,0.4497992,3882.0,1130
GCATGTATCACCGTAA,V1,0.0,0.052796982,11044.0,2666
GCATGTATCCCTGACT,V4,0.0,0.33009708,4062.0,1435
GCCAAATAGTGCTGCC,V6,0.0,0.9000826,5866.0,1492
GCCAAATCAGCCACCA,V3,0.0,0.26359832,6065.0,1818
GCCAAATGTCAGATAA,V6,0.0,0.9445507,3440.0,798
GCCAAATTCACGAAGG,V4,0.0,0.45575222,5125.0,1371
GCCAAATTCCGTACAA,Crypt,0.0,0.13328256,12741.0,3600
GCCAAATTCGGCCGAT,V2,0.0,0.17098944,8712.0,2496
GCCAAATTCTAACTTC,V4,0.0,0.3505291,6326.0,1971
GCCTCTAAGCGAGAAA,V3,0.0,0.26170212,7838.0,2229
GCGACCACACGCATCG,V5,0.0,0.7547684,4148.0,1077
GCGACCACATTCTCAT,V4,0.0,0.4751553,4090.0,1511
GCGACCAGTAACGCGA,V5,0.0,0.6312849,3218.0,1170
GCGAGAACACACGCTG,V4,0.0,0.40611354,5119.0,1651
GCGAGAACACATCTTT,V5,0.0,0.67957747,3329.0,943
GCGCAACTCCTCAATT,V6,0.0,0.917287,5267.0,1270
GCGCAGTAGCTACCGC,V1,0.0,0.03411514,7344.0,2172
GCGCAGTCATTGGGCC,V5,0.0,0.80110496,4043.0,1135
GCGCAGTTCTCCAACC,V4,0.0,0.48266298,6940.0,2149
GCGCGATAGCGTTTAC,V5,0.0,0.81322956,4505.0,1249
GCGGGTTAGACTAGGC,V2,0.0,0.11232877,8503.0,2364
GCGGGTTGTACGACCC,V3,0.0,0.2514793,4597.0,1236
GCTCTGTGTAGTAGTA,V5,0.0,0.6980198,2192.0,767
GCTCTGTGTCGGATCC,V2,0.0,0.16530944,9003.0,2338
GCTCTGTTCATCGGAT,V6,0.0,0.8422619,3137.0,886
GCTGCTTGTTATGCGT,V5,0.0,0.81920904,3390.0,964
GCTGGGTTCACTTATC,V4,0.0,0.5681818,5356.0,1728
GCTTCCAAGAGTACAT,V2,0.0,0.11764706,5436.0,1611
GGAACTTAGATCACGG,V4,0.0,0.3409091,5342.0,1716
GGAACTTAGTGTACTC,Crypt,0.0,0.04702381,13496.0,3182
GGAACTTCACAGCCCA,V1,0.0,0.06960951,6073.0,2054
GGACAAGAGCTCCTTC,V4,0.0,0.33853006,6404.0,1789
GGACAAGTCATGCAAC,V6,0.0,0.90909094,3729.0,1063
GGACAAGTCATGTAGC,V4,0.0,0.48958334,5553.0,1407
GGACAAGTCTACTCAT,V5,0.0,0.78600824,5112.0,1064
GGACAGAAGGAGTACC,V4,0.0,0.30194804,7667.0,2168
GGACAGACAGGGCATA,V1,0.0,0.09330986,8198.0,2519
GGACAGAGTCCATCCT,Crypt,0.0,0.060113154,10186.0,2593
GGACAGAGTGCAGACA,V4,0.0,0.3933162,6325.0,1878
GGACATTAGCAGACTG,Crypt,0.0,0.048279405,16217.0,3897
GGACGTCAGCCTATGT,Crypt,0.0,0.053903345,8353.0,2338
GGACGTCTCATGTAGC,V1,0.0,0.048013244,9184.0,2495
GGACGTCTCCCAACGG,V3,0.0,0.2546973,9986.0,2686
GGAGCAACAGGGCATA,V5,0.0,0.7882562,4993.0,1361
GGAGCAACATTACGAC,V4,0.0,0.3427835,5202.0,1751
GGAGCAAGTAGAAAGG,Crypt,0.0,0.05579139,13495.0,3224
GGATGTTGTTATGCGT,V4,0.0,0.37798166,5427.0,1745
GGATTACAGCGCCTCA,V1,0.0,0.08455034,10236.0,2532
GGATTACGTTATTCTC,V4,0.0,0.3600823,4960.0,1609
GGATTACTCGCATGAT,Crypt,0.0,0.060708262,12319.0,2975
GGATTACTCTACTCAT,V1,0.0,0.07881773,7851.0,2449
GGCAATTGTATTAGCC,V4,0.0,0.40545455,5318.0,1830
GGCCGATAGCCATCGC,V1,0.0,0.03900156,9669.0,2419
GGCGTGTAGAGTACCG,V5,0.0,0.81698114,3682.0,1117
GGCGTGTGTGTATGGG,V4,0.0,0.46185568,5223.0,1590
GGCTCGAAGTGAATTG,Crypt,0.0,0.03970678,13217.0,3405
GGCTCGATCCACGACG,V3,0.0,0.25491804,9275.0,2548
GGCTGGTGTTTAGCTG,V4,0.0,0.42351046,6587.0,2044
GGCTGGTTCATCATTC,V6,0.0,0.924,3156.0,921
GGGACCTTCGCACTCT,V2,0.0,0.1262525,8834.0,2345
GGGAGATTCAATCACG,V5,0.0,0.68345326,2443.0,928
GGGAGATTCACTTACT,V6,0.0,0.9386792,2274.0,472
GGGATGAAGGCTAGGT,V6,0.0,0.92618626,5282.0,1287
GGGATGATCAATAAGG,V6,0.0,0.9037468,7636.0,1793
GGGATGATCGGTTAAC,V4,0.0,0.5412844,2329.0,824
GGGCACTCACACTGCG,V4,0.0,0.5023256,3674.0,1100
GGGCATCAGAGTGACC,Crypt,0.0,0.19698493,9376.0,2765
GGGCATCAGTGTCTCA,V4,0.0,0.53370786,4758.0,1374
GGGCATCTCATCGATG,Crypt,0.0,0.060298104,12374.0,3493
GGGCATCTCTCTTGAT,V2,0.0,0.22397476,5800.0,1876
GGGTTGCGTAAATGAC,V1,0.0,0.065265484,21848.0,4351
GGGTTGCGTCTAGAGG,Crypt,0.0,0.076868325,12151.0,3244
GGGTTGCGTCTAGCCG,Crypt,0.0,0.050308008,8018.0,2150
GGTATTGAGAGCCCAA,Crypt,0.0,0.0487279,19348.0,4321
GGTATTGGTCTTCGTC,V4,0.0,0.56368566,4513.0,1323
GGTATTGTCTGTCCGT,Crypt,0.0,0.066042155,16769.0,3632
GGTGAAGAGACAGGCT,V4,0.0,0.3255814,3523.0,973
GGTGAAGAGTGCAAGC,V4,0.0,0.45189506,4562.0,1572
GGTGCGTCACCGGAAA,V5,0.0,0.7702703,2566.0,951
GGTGCGTTCACCGTAA,V5,0.0,0.8258824,3518.0,1236
GGTGTTAGTCCAACTA,V5,0.0,0.69154227,3759.0,1199
GTAACGTTCAGGTTCA,V4,0.0,0.53424656,3410.0,1032
GTACGTACATCGGACC,V2,0.0,0.14352392,7950.0,2492
GTACTCCGTACCATCA,V5,0.0,0.633574,5111.0,1676
GTAGTCAGTAAGTGTA,V3,0.0,0.25406203,6609.0,1981
GTATCTTAGTGGAGTC,V2,0.0,0.20336606,9444.0,2273
GTATCTTGTTGATTCG,V4,0.0,0.33110815,5702.0,1703
GTATTCTGTATAATGG,Crypt,0.0,0.054263566,14042.0,3371
GTCAAGTCAGGCTGAA,V4,0.0,0.33962265,2811.0,841
GTCAAGTCATAGGATA,V6,0.0,0.91780823,2510.0,788
GTCACAAGTAAGTGGC,V6,0.0,0.88582677,3065.0,971
GTCACGGCAGCTGTGC,V1,0.0,0.07415345,18611.0,4064
GTCACGGCAGCTTAAC,V4,0.0,0.3546945,5643.0,1940
GTCATTTCAAGTAATG,V5,0.0,0.7763713,6248.0,1664
GTCATTTTCTCCAACC,V1,0.0,0.045789044,9179.0,2465
GTCCTCATCAATAAGG,V4,0.0,0.48239437,3468.0,1081
GTCGGGTTCATCACCC,V4,0.0,0.43390805,4764.0,1614
GTCGTAACAAGCCTAT,V4,0.0,0.48387095,4450.0,1541
GTCGTAACAGGTCCAC,V5,0.0,0.77150536,6313.0,1502
GTCGTAAGTCGCTTTC,V1,0.0,0.045646068,9762.0,2585
GTCTCGTTCGACAGCC,V6,0.0,0.9230064,6092.0,1462
GTCTTCGTCAACACAC,Crypt,0.0,0.06443004,21689.0,4476
GTGAAGGAGTCGCCGT,V5,0.0,0.7253886,2679.0,762
GTGAAGGCACCGAAAG,V3,0.0,0.25506556,6549.0,1990
GTGAAGGGTGGCGAAT,V5,0.0,0.6363636,3933.0,1105
GTGAAGGGTTAAGGGC,Crypt,0.0,0.06100218,10787.0,2760
GTGCAGCCAATAGAGT,V5,0.0,0.6234818,6221.0,1727
GTGCAGCCACTTAAGC,V1,0.0,0.040328603,10377.0,2548
GTGGGTCGTAGCTGCC,V4,0.0,0.30581868,6470.0,1653
GTGGGTCGTGTTCTTT,V1,0.0,0.06835443,4825.0,1608
GTGGGTCGTTAGAACA,V4,0.0,0.29979035,4957.0,1682
GTGTGCGGTCTTCAAG,Crypt,0.0,0.06666667,2463.0,891
GTGTTAGCAAGCCCAC,V5,0.0,0.6136364,3787.0,1010
GTGTTAGCAGTATAAG,V2,0.0,0.20700985,8180.0,2174
GTTACAGCATCCAACA,V1,0.0,0.09660767,9149.0,2470
GTTCATTCACGAGAGT,Crypt,0.0,0.05151065,16040.0,3667
GTTCGGGCAAACCCAT,V6,0.0,0.9538784,2909.0,717
GTTTCTAGTCTCTTAT,V3,0.0,0.25707546,6212.0,1938
TAAACCGGTCGCATAT,V4,0.0,0.36842105,7124.0,2029
TAAGAGAAGAGTCGGT,V1,0.0,0.10509259,13345.0,2990
TAAGAGACACCGGAAA,V2,0.0,0.15934066,5948.0,1930
TAAGAGAGTCTAGTCA,V4,0.0,0.55820894,4110.0,1152
TAAGCGTGTACCCAAT,V1,0.0,0.050375134,12738.0,3104
TAAGTGCAGATATGCA,V2,0.0,0.15799615,6206.0,1998
TAAGTGCAGCGTCAAG,V5,0.0,0.72212976,4285.0,1304
TAAGTGCAGGGAAACA,V4,0.0,0.38198197,4896.0,1653
TACACGACAGCTGTAT,V3,0.0,0.27306968,5127.0,1611
TACAGTGAGAATCTCC,V1,0.0,0.041803278,9213.0,2513
TACAGTGTCCCTCAGT,V4,0.0,0.4495305,7236.0,1984
TACCTATCAGCCTTTC,Crypt,0.0,0.23333333,6507.0,2457
TACCTTATCAACGCTA,Crypt,0.0,0.046628408,11321.0,2915
TACGGGCGTAACGTTC,V4,0.0,0.55,1901.0,756
TACGGTACACAACGCC,V4,0.0,0.37373737,10762.0,2830
TACGGTACAGATCTGT,Crypt,0.0,0.05676856,11244.0,3135
TACGGTAGTATTACCG,V2,0.0,0.20848376,10755.0,2713
TACGGTAGTGTTCGAT,V4,0.0,0.41619202,21183.0,3501
TACGGTATCGCAAACT,V5,0.0,0.7181818,5304.0,1455
TACTCATCAACGATGG,V1,0.0,0.0389313,9506.0,2561
TACTCGCTCCTAGAAC,V1,0.0,0.057971016,8017.0,2296
TACTTACCATGCCCGA,V3,0.0,0.26494023,5062.0,1832
TACTTACGTGTGTGCC,V4,0.0,0.43521595,8045.0,2275
TACTTACGTGTTAAGA,V6,0.0,0.90947366,2949.0,843
TACTTGTAGCAATATG,V4,0.0,0.5442177,5146.0,1209
TACTTGTCAAAGAATC,V4,0.0,0.3299363,6959.0,2079
TACTTGTGTTCTGAAC,V6,0.0,0.8997934,5700.0,1424
TAGAGCTCACTATCTT,V2,0.0,0.1981132,6938.0,2039
TAGAGCTTCCGAGCCA,V2,0.0,0.20718816,6463.0,2035
TAGAGCTTCCGCTGTT,Crypt,0.0,0.07385952,10813.0,2838
TAGCCGGCAGCCTGTG,V1,0.0,0.07454546,10940.0,2691
TAGCCGGGTCGTCTTC,V5,0.0,0.81198347,3634.0,1223
TAGGCATTCATATCGG,V6,0.0,0.9271653,4057.0,840
TAGTTGGAGTTCGATC,V5,0.0,0.7601156,3631.0,884
TATGCCCAGTGTACCT,V5,0.0,0.7872807,3746.0,1259
TATGCCCCAGCTCGCA,V4,0.0,0.45951036,5687.0,1774
TATGCCCGTTCCGGCA,V2,0.0,0.16650532,7894.0,2221
TATTACCAGGATGGAA,V5,0.0,0.6942149,3303.0,818
TATTACCTCGCTTGTC,V5,0.0,0.7464115,2946.0,1061
TCAACGAAGAGCCTAG,V3,0.0,0.26641223,9457.0,2297
TCAATCTGTTCGCTAA,V6,0.0,0.8497823,6540.0,1576
TCACAAGAGATATACG,Crypt,0.0,0.055467512,15812.0,3904
TCACAAGGTCCTCCAT,Crypt,0.0,0.055392362,19796.0,4247
TCACGAATCGTCCGTT,V3,0.0,0.27226463,4351.0,1525
TCAGATGGTTATCCGA,V4,0.0,0.58928573,6439.0,1682
TCAGATGTCCGCAAGC,V2,0.0,0.16482411,8715.0,2504
TCAGGATGTCGCATCG,V1,0.0,0.050102953,10698.0,2763
TCAGGTACACTTAACG,V3,0.0,0.26946107,7604.0,2059
TCAGGTACAGGCTCAC,Crypt,0.0,0.0390625,7963.0,2101
TCAGGTACATATACCG,V4,0.0,0.4117647,5587.0,1697
TCATTACGTTGGTGGA,V2,0.0,0.19115324,8100.0,2550
TCATTACTCCCAACGG,V3,0.0,0.2721519,5699.0,1665
TCATTACTCCCGGATG,V5,0.0,0.81043744,8767.0,2237
TCATTACTCCTAGGGC,V4,0.0,0.5371429,3308.0,884
TCATTTGTCATGTCTT,V4,0.0,0.4452555,4918.0,1623
TCCACACGTTAAGACA,V1,0.0,0.04140625,9533.0,2551
TCCACACTCAGGCAAG,V4,0.0,0.48034933,3783.0,1068
TCCCGATGTTCGCTAA,V5,0.0,0.6904177,4271.0,1238
TCGCGAGAGCCAGTAG,V1,0.0,0.039872408,11076.0,2576
TCGCGAGCAGTGACAG,V6,0.0,0.8954758,3972.0,1200
TCGCGAGTCAGGATCT,V6,0.0,0.8892617,2268.0,787
TCGGGACAGCCAGTAG,V5,0.0,0.738255,3674.0,1029
TCGGGACAGCTGATAA,Crypt,0.0,0.050380785,14099.0,3388
TCGGTAAAGGTGATTA,V6,0.0,0.8518519,4532.0,1130
TCGGTAACAGGCTGAA,V2,0.0,0.15059222,5744.0,1815
TCGTACCGTAAATGAC,V1,0.0,0.062094532,8657.0,2503
TCGTACCTCAGCAACT,V1,0.0,0.055003818,9332.0,2331
TCGTAGAAGTGATCGG,V2,0.0,0.18070444,6607.0,2100
TCGTAGACAAAGCGGT,Crypt,0.0,0.10632014,12776.0,3036
TCTATTGAGTGTCCAT,V6,0.0,0.95620435,2414.0,592
TCTATTGTCACTCTTA,V4,0.0,0.57476634,2683.0,951
TCTCATAAGCACCGCT,V1,0.0,0.09613657,7680.0,2101
TCTCTAAAGAGGACGG,V4,0.0,0.44011143,4055.0,1418
TCTCTAAAGTCAATAG,V6,0.0,0.8807947,4390.0,1072
TCTGAGACATCACGTA,Crypt,0.0,0.07385524,5316.0,1810
TCTGGAATCGCCTGTT,V3,0.0,0.25405404,6535.0,1745
TCTTTCCAGACTACAA,V6,0.0,0.9237089,4465.0,974
TCTTTCCGTAGCTTGT,V4,0.0,0.5315315,5023.0,1314
TCTTTCCGTGTGACGA,V6,0.0,0.9285714,2301.0,612
TGAAAGAAGTGGGATC,V4,0.0,0.29461756,4324.0,1557
TGAAAGACACTACAGT,V4,0.0,0.44604316,5387.0,1459
TGAAAGAGTTGATTCG,V4,0.0,0.5767442,4296.0,1332
TGACGGCAGATGGGTC,V2,0.0,0.16929133,5218.0,1754
TGACGGCCAATCCAAC,V2,0.0,0.13582343,6207.0,2003
TGACTAGGTCAATGTC,V5,0.0,0.616,2617.0,774
TGACTAGTCTGTGCAA,V4,0.0,0.46862483,6818.0,1950
TGACTTTAGAATGTGT,V5,0.0,0.8091603,4330.0,1163
TGACTTTCAATCGGTT,V3,0.0,0.28605202,6906.0,2013
TGAGAGGGTTAAGATG,V1,0.0,0.073224045,6776.0,1997
TGAGCCGAGCACCGCT,V2,0.0,0.16632016,7769.0,2081
TGAGGGAGTCTCAACA,V2,0.0,0.1594849,12763.0,2856
TGAGGGAGTTCGTGAT,V5,0.0,0.7624021,4491.0,1283
TGCACCTAGCGTTTAC,V6,0.0,0.8661088,4172.0,942
TGCACCTCATGAAGTA,V1,0.0,0.044444446,9132.0,2516
TGCACCTGTTTGTGTG,V2,0.0,0.21500722,7462.0,2249
TGCCAAAGTTGGAGGT,Crypt,0.0,0.05374917,11331.0,2845
TGCCCATCACAGTCGC,V6,0.0,0.8538622,3874.0,1187
TGCCCATCAGGCAGTA,V4,0.0,0.5882353,3278.0,1004
TGCCCTAAGGAGTTTA,V2,0.0,0.17817014,6654.0,2114
TGCCCTACAGGCAGTA,V6,0.0,0.8497854,4501.0,1211
TGCGCAGCAGGTGCCT,V5,0.0,0.6569149,4618.0,1199
TGCGCAGGTTGTACAC,V4,0.0,0.52205884,2006.0,721
TGCGCAGTCGGTTAAC,V4,0.0,0.40102172,5894.0,1722
TGCGGGTCACCACCAG,V5,0.0,0.6635071,4653.0,1167
TGCGTGGAGTTGTAGA,V4,0.0,0.3478261,6161.0,1499
TGCGTGGGTCAGAGGT,Crypt,0.0,0.06336805,10015.0,2576
TGCTACCAGGGAACGG,V2,0.0,0.23553719,7551.0,2237
TGCTACCCAAGGACTG,V2,0.0,0.17903416,7067.0,2218
TGCTGCTAGTACACCT,Crypt,0.0,0.04860443,17585.0,4233
TGCTGCTCAGTGGAGT,V2,0.0,0.11924119,10356.0,2672
TGCTGCTCATACAGCT,V4,0.0,0.53816795,3778.0,1138
TGCTGCTGTGTGGTTT,V2,0.0,0.2247191,6559.0,2025
TGGACGCAGCCATCGC,V5,0.0,0.6988636,3577.0,1089
TGGACGCTCTGTCTAT,Crypt,0.0,0.05382436,3203.0,1299
TGGCCAGTCACCAGGC,V1,0.0,0.049713194,10904.0,2896
TGGCCAGTCGTTACGA,V3,0.0,0.25054467,7355.0,2106
TGGCGCAAGGCGATAC,V1,0.0,0.050092764,8285.0,2338
TGGCGCACAGCTGCTG,V6,0.0,0.90076333,2087.0,696
TGGCGCATCCGCGGTA,V5,0.0,0.64112514,9354.0,2553
TGGCTGGAGAGGACGG,V1,0.0,0.037924152,7657.0,2099
TGGCTGGTCCACGTGG,V4,0.0,0.5974395,7530.0,2015
TGGGAAGAGTGGGATC,V4,0.0,0.47368422,5131.0,1088
TGGGAAGCAAATCCGT,V6,0.0,0.92897546,6530.0,1508
TGGGAAGGTACTCTCC,V1,0.0,0.07791279,10394.0,2711
TGGGAAGGTTCCATGA,V1,0.0,0.05623003,11714.0,2823
TGGGCGTAGCATCATC,V4,0.0,0.55602986,6926.0,1775
TGGGCGTGTCGCGTGT,V2,0.0,0.15119916,6550.0,1946
TGGGCGTTCAAGAAGT,V1,0.0,0.05035507,9159.0,2480
TGGTTAGGTCAAACTC,V1,0.0,0.083932854,12914.0,3283
TGGTTCCAGATAGTCA,V3,0.0,0.2790224,8060.0,2356
TGGTTCCTCGCATGGC,V6,0.0,0.8640625,5203.0,1325
TGTATTCAGGGTTTCT,Crypt,0.0,0.04307334,13658.0,3244
TGTATTCGTCACCTAA,V1,0.0,0.08911614,9749.0,3092
TGTATTCGTTCCGTCT,V1,0.0,0.049103662,9437.0,2534
TGTCCCAAGTAGCCGA,Crypt,0.0,0.044682752,8628.0,2406
TGTGGTATCTGACCTC,Crypt,0.0,0.06307822,10498.0,2976
TGTTCCGAGAGTCGGT,V5,0.0,0.6554622,2403.0,773
TGTTCCGCAAAGGTGC,V1,0.0,0.06417489,10605.0,2715
TGTTCCGGTTTGTGTG,V6,0.0,0.9512195,1888.0,612
TTAGGCAGTATGGTTC,V5,0.0,0.6168675,4043.0,1369
TTAGTTCAGGATCGCA,V4,0.0,0.4370861,5726.0,1432
TTAGTTCAGTACCGGA,V4,0.0,0.39418417,6603.0,2002
TTAGTTCCACACATGT,V4,0.0,0.55315316,5138.0,1643
TTAGTTCTCTGTCTAT,V5,0.0,0.7950311,2607.0,953
TTATGCTCATGCCTTC,V5,0.0,0.6201923,4045.0,1293
TTATGCTGTCCGAGTC,V6,0.0,0.93097013,2957.0,838
TTATGCTTCCTTTCGG,V4,0.0,0.48337027,4469.0,1570
TTCCCAGAGGCTACGA,V5,0.0,0.60084033,3711.0,978
TTCCCAGGTAAGTTCC,V1,0.0,0.05688282,7408.0,2312
TTCCCAGGTCCAGTAT,V4,0.0,0.45429364,4884.0,1335
TTCGAAGCACGGCTAC,V6,0.0,0.9469624,5698.0,1348
TTCGAAGCAGCCTTGG,V1,0.0,0.058413252,8767.0,2496
TTCGAAGCATAAAGGT,V5,0.0,0.6845426,5505.0,1713
TTCGAAGGTAATTGGA,V2,0.0,0.19948849,7139.0,2226
TTCGGTCAGGACCACA,V5,0.0,0.69175625,3611.0,1059
TTCGGTCCACCGAATT,V5,0.0,0.81445783,3869.0,1372
TTCTACACAGACAAAT,V5,0.0,0.64568347,4662.0,1367
TTCTACAGTATCTGCA,V2,0.0,0.1878089,8769.0,2322
TTCTCAAAGGATATAC,V6,0.0,0.957958,2890.0,544
TTCTCAAAGTGAAGTT,Crypt,0.0,0.039626002,19848.0,4212
TTCTCCTAGAGAACAG,V2,0.0,0.18656716,8002.0,2163
TTCTCCTGTAAGGATT,Crypt,0.0,0.06094627,10942.0,3197
TTCTTAGGTCTCGTTC,V6,0.0,0.91721857,2518.0,674
TTGAACGTCAATACCG,V1,0.0,0.08364544,6830.0,2104
TTGACTTAGAAGGCCT,V4,0.0,0.46741572,4967.0,1642
TTGACTTGTCTAGCCG,Crypt,0.0,0.05147059,12354.0,3084
TTGACTTGTCTCTCTG,Crypt,0.0,0.06391138,18709.0,3974
TTGACTTTCCGCAGTG,V2,0.0,0.18636848,7795.0,2390
TTGCCGTCAATGGAAT,V2,0.0,0.17979002,6338.0,2015
TTGCCGTCAGTCTTCC,V2,0.0,0.117259555,5710.0,1782
TTGCCGTCATAGGATA,V3,0.0,0.24183977,7123.0,2269
TTGCGTCAGGATTCGG,V1,0.0,0.09929078,10219.0,2428
TTGCGTCTCCTTAATC,V4,0.0,0.58084774,4835.0,1405
TTGCGTCTCGTGACAT,V1,0.0,0.06530612,6651.0,2063
TTGGAACAGGATTCGG,V4,0.0,0.29737082,8203.0,2016
TTGGAACTCTAAGCCA,V3,0.0,0.25442177,6338.0,1883
TTGGCAATCCAAATGC,V4,0.0,0.38265306,3214.0,918
TTGGCAATCCGAACGC,V2,0.0,0.18242598,8751.0,2466
TTGTAGGTCCCTAATT,V6,0.0,0.8747698,3479.0,1014
TTGTAGGTCGGTCCGA,V5,0.0,0.6555024,3477.0,952
TTTACTGGTAGAGCTG,Crypt,0.0,0.05724138,12320.0,3350
TTTATGCTCCTCCTAG,V4,0.0,0.53051645,3406.0,928
TTTGGTTCACCGAAAG,V1,0.0,0.103044495,11403.0,3076
TTTGGTTCAGACTCGC,V5,0.0,0.8004779,6001.0,1387
TTTGTCATCCTTTCGG,V1,0.0,0.08465836,14142.0,3048
AAACCTGCAGCAGTTT,V4,0.0,0.41690964,5126.0,1615
AAACCTGTCCGTACAA,V2,0.0,0.22963604,9874.0,2481
AACACGTTCCTAGTGA,Crypt,0.0,0.041573867,11168.0,3065
AACCATGGTAGAGTGC,V6,0.0,0.8719938,7403.0,1924
AACCGCGAGCGGATCA,V4,0.0,0.4792703,6680.0,1785
AACCGCGTCAAGATCC,V2,0.0,0.14100395,11103.0,2562
AACGTTGGTTTGACTG,V2,0.0,0.14366198,10013.0,2575
AACTCAGAGTTCGCAT,V6,0.0,0.94842404,2874.0,706
AACTCAGCAAGGACTG,V1,0.0,0.09929078,9670.0,2419
AACTCCCAGATGTGTA,V1,0.0,0.06214227,9476.0,2663
AACTCCCCAGTGACAG,V2,0.0,0.1557744,9528.0,2575
AACTCTTAGAGCAATT,V2,0.0,0.11557297,7392.0,2058
AAGACCTAGACTAAGT,Crypt,0.0,0.058080807,4402.0,1657
AAGACCTGTAGGCTGA,V3,0.0,0.250478,5145.0,1638
AAGGAGCCATGGGAAC,V5,0.0,0.71146244,3962.0,957
AAGGAGCGTAGTACCT,V2,0.0,0.19019933,9891.0,2583
AAGGAGCTCTGCGACG,V5,0.0,0.80428135,2555.0,927
AATCCAGGTACCGCTG,V4,0.0,0.29644808,10673.0,2626
AATCCAGGTCATCGGC,V4,0.0,0.31339714,7184.0,2081
AATCCAGGTTGCCTCT,V3,0.0,0.28245363,5526.0,1836
ACACCGGAGAGCTTCT,V1,0.0,0.050234426,10398.0,2590
ACACCGGCAAGAAAGG,V1,0.0,0.056029234,5848.0,1776
ACATCAGAGTGAAGTT,V6,0.0,0.874183,3863.0,1149
ACATCAGTCACTGGGC,V4,0.0,0.44356436,5801.0,1770
ACATCAGTCTGCTGTC,V4,0.0,0.3498965,8008.0,2327
ACCAGTACAAGCCATT,V1,0.0,0.063680515,13652.0,3185
ACCCACTCAGGCAGTA,V4,0.0,0.5874126,4200.0,1158
ACCGTAAAGTCACGCC,Crypt,0.0,0.0614454,26701.0,4815
ACCTTTATCCGAACGC,V6,0.0,0.87884265,4288.0,1095
ACGAGCCCAAGTCATC,Crypt,0.0,0.06041131,12003.0,2946
ACGAGCCCACGTTGGC,Crypt,0.0,0.06504406,17818.0,3939
ACGAGCCGTGTAAGTA,V4,0.0,0.51602566,4403.0,1097
ACGAGGACAGTTCCCT,V4,0.0,0.44496125,6367.0,1929
ACGATACCACGGCGTT,V4,0.0,0.328125,4872.0,1757
ACGATACTCCTCATTA,V5,0.0,0.82197803,4624.0,1160
ACGATGTCAAGGTTCT,V6,0.0,0.8471545,5992.0,1333
ACGATGTTCCAAGTAC,V4,0.0,0.39364302,5910.0,1628
ACGCCAGCAGTTCCCT,Crypt,0.0,0.06710775,17014.0,3856
ACGCCAGTCGCAAGCC,V4,0.0,0.58518517,8161.0,2166
ACGCCAGTCGTCACGG,V1,0.0,0.07470011,12323.0,2797
ACGCCAGTCGTCTGAA,V2,0.0,0.2089372,6555.0,1925
ACGGCCATCGCCAAAT,V4,0.0,0.29411766,8200.0,2076
ACGGGCTCAAATTGCC,V4,0.0,0.3194707,5076.0,1714
ACGGGTCAGGGAACGG,V4,0.0,0.4351852,8302.0,2247
ACGGGTCTCCTTCAAT,Crypt,0.0,0.044915784,12478.0,3023
ACTATCTTCTGCAAGT,Crypt,0.0,0.064041995,15541.0,3420
ACTGAACCAGCAGTTT,V4,0.0,0.53333336,4401.0,1366
ACTGAGTAGTCTTGCA,V1,0.0,0.0454207,10154.0,2688
ACTGAGTCAAGCTGGA,V6,0.0,0.884901,5303.0,1164
ACTGAGTGTACCTACA,V1,0.0,0.04257028,8967.0,2509
ACTGATGTCACATAGC,Crypt,0.0,0.06077348,10906.0,2964
ACTGCTCAGTGAATTG,V4,0.0,0.5354839,2309.0,932
ACTGCTCCAAAGGCGT,V1,0.0,0.04988488,9597.0,2621
ACTGTCCAGGGTTCCC,V4,0.0,0.54038996,4952.0,1258
ACTTACTTCAGATAAG,V2,0.0,0.20566319,5804.0,1780
ACTTACTTCCGAACGC,V3,0.0,0.23756345,7615.0,2224
ACTTACTTCTCCAGGG,V5,0.0,0.6948229,2787.0,934
ACTTGTTAGACAATAC,V5,0.0,0.5982906,2724.0,820
AGAATAGGTAGGAGTC,V2,0.0,0.15049227,7508.0,2258
AGACGTTTCTTCCTTC,V5,0.0,0.73137695,4598.0,1168
AGAGCGACACAGACTT,V2,0.0,0.12358804,11319.0,2832
AGAGCTTCACATCCAA,Crypt,0.0,0.15020026,14016.0,3846
AGAGCTTGTCTACCTC,V2,0.0,0.12204424,14929.0,3571
AGAGTGGCAATCAGAA,V4,0.0,0.33861387,6102.0,1824
AGAGTGGGTCAGAAGC,V2,0.0,0.15714286,6482.0,1981
AGATCTGGTGCACGAA,V3,0.0,0.24507043,7336.0,2097
AGATTGCAGGATGGAA,V4,0.0,0.509434,2213.0,870
AGATTGCCACGTAAGG,V5,0.0,0.68471956,4490.0,1518
AGCAGCCCAGTAAGCG,V4,0.0,0.4618644,7977.0,2274
AGCAGCCCATGCTGGC,V5,0.0,0.76547617,6975.0,1650
AGCATACGTAATCGTC,V1,0.0,0.05362776,11278.0,2776
AGCCTAAGTAGCGCTC,V5,0.0,0.68,2253.0,648
AGCGGTCGTTAAAGTG,V4,0.0,0.3528428,10431.0,2542
AGCGGTCTCATGGTCA,V4,0.0,0.4040404,2844.0,1007
AGCTCTCGTCGCATCG,V1,0.0,0.029900333,11928.0,2955
AGCTTGAGTCTGCAAT,V4,0.0,0.4528302,4817.0,1630
AGGCCACTCTGTTGAG,Crypt,0.0,0.07815126,9160.0,2615
AGGCCGTAGCTGAACG,V5,0.0,0.60368663,3609.0,875
AGGCCGTGTCTTGTCC,V6,0.0,0.8947368,3565.0,1093
AGGGAGTCAGTATAAG,V2,0.0,0.12727273,10781.0,2491
AGGGATGAGTCGTTTG,Crypt,0.0,0.04619076,12556.0,3210
AGGGTGAAGAAACGAG,V4,0.0,0.4300752,5834.0,1742
AGGTCCGAGGCTAGCA,V6,0.0,0.9162011,5365.0,1275
AGGTCCGGTTATTCTC,V5,0.0,0.6846652,4252.0,1334
AGTAGTCAGACGCACA,Crypt,0.0,0.049615055,17986.0,3939
AGTAGTCCACTTACGA,V4,0.0,0.3888889,2831.0,921
AGTCTTTTCCTAAGTG,V2,0.0,0.13246268,12665.0,2959
AGTCTTTTCTATGTGG,V3,0.0,0.2895105,7125.0,2090
AGTGAGGTCGAACTGT,V2,0.0,0.2361809,9949.0,2637
AGTGGGATCAGAGCTT,V4,0.0,0.55465585,4387.0,1457
AGTTGGTCACCGAATT,V2,0.0,0.14807872,8907.0,2165
AGTTGGTTCCGTCATC,V5,0.0,0.7140496,4855.0,1259
ATAAGAGTCACTCTTA,V1,0.0,0.046116505,9747.0,2671
ATCACGAGTACCGCTG,V2,0.0,0.20030816,6011.0,1685
ATCACGATCCGTTGCT,V4,0.0,0.3092182,7266.0,2027
ATCCACCGTACCCAAT,V4,0.0,0.552901,6205.0,1844
ATCCGAACAAGCGAGT,V5,0.0,0.69158876,6922.0,1722
ATCGAGTAGAACTCGG,Crypt,0.0,0.056526806,13666.0,3346
ATCTACTCATTCGACA,V4,0.0,0.47270855,9899.0,2452
ATCTGCCAGGCACATG,V6,0.0,0.8637317,4612.0,1385
ATCTGCCTCCGCGGTA,Crypt,0.0,0.055449937,26207.0,4771
ATGCGATAGCGGATCA,V4,0.0,0.47428572,3963.0,1363
ATGTGTGAGTTAAGTG,V2,0.0,0.2145046,8327.0,2427
ATGTGTGCAAACTGCT,V2,0.0,0.14606741,8137.0,2300
ATGTGTGTCTTCCTTC,V1,0.0,0.08885687,11838.0,2593
ATTACTCAGATCCGAG,V1,0.0,0.07315789,14307.0,3376
ATTACTCAGCTAGCCC,V1,0.0,0.06944445,12177.0,2815
ATTACTCGTCCTCCAT,V1,0.0,0.046892654,10882.0,2765
ATTATCCGTGACGCCT,V5,0.0,0.6721311,3877.0,1011
ATTCTACCACGGTGTC,V5,0.0,0.62204725,4161.0,1172
ATTGGTGCACTTGGAT,V1,0.0,0.0382134,13421.0,3053
CAACCTCAGCTACCTA,V5,0.0,0.81390977,3271.0,984
CAACCTCGTTCCCGAG,V4,0.0,0.5667656,4030.0,1311
CAACCTCTCTTGCCGT,V6,0.0,0.9186047,5799.0,1398
CAACTAGAGACAATAC,V4,0.0,0.37062937,4590.0,1178
CAAGAAACAGCCTTGG,V1,0.0,0.031076066,13769.0,3042
CAAGATCTCGCACTCT,Crypt,0.0,0.033388067,14280.0,3451
CAAGGCCCAGATCCAT,V4,0.0,0.519573,7897.0,2175
CACAAACCAGTATGCT,V1,0.0,0.045726728,12470.0,2849
CACAAACGTGAGGCTA,V5,0.0,0.6766169,3908.0,1173
CACACAAAGCTACCGC,V4,0.0,0.48380953,5703.0,1620
CACACCTGTTGGTTTG,V4,0.0,0.41584158,8128.0,1847
CACACTCGTGCAGTAG,Crypt,0.0,0.0521554,15308.0,3524
CACAGTAAGCGACGTA,V4,0.0,0.44920993,5372.0,1375
CACATAGAGTGTGGCA,Crypt,0.0,0.049616065,12284.0,3040
CACATAGGTCTAAACC,V6,0.0,0.875,8246.0,2050
CACATAGTCCTTTACA,Crypt,0.0,0.05945946,12496.0,2971
CACATTTGTATGGTTC,V4,0.0,0.2945839,6667.0,2031
CACCACTAGAAACCTA,V3,0.0,0.26310274,7798.0,2062
CACCACTAGCCTTGAT,V5,0.0,0.692577,10441.0,2439
CACCAGGTCCCTTGTG,V2,0.0,0.16826504,9135.0,2551
CACCTTGCATCCGCGA,V6,0.0,0.8663239,3027.0,1080
CACTCCAGTCTTGTCC,V4,0.0,0.3188406,3374.0,725
CACTCCATCGCCGTGA,Crypt,0.0,0.04805353,11541.0,2908
CAGATCAAGGCGATAC,V4,0.0,0.36227545,6390.0,2035
CAGATCATCCTAGGGC,V6,0.0,0.87511826,6213.0,1550
CAGCAGCAGGCTAGCA,Crypt,0.0,0.049902152,8216.0,2280
CAGCATAGTGCTCTTC,V1,0.0,0.05690575,12501.0,3001
CAGCATATCTTTACGT,V2,0.0,0.15081522,6423.0,2032
CAGCCGAAGTTTCCTT,Crypt,0.0,0.058468957,12729.0,3205
CAGCCGACACCAGCAC,V2,0.0,0.13309608,10284.0,2537
CAGCCGATCTGGGCCA,V4,0.0,0.5415617,6099.0,1764
CAGCGACGTAAGCACG,V4,0.0,0.4197024,14957.0,3616
CAGCTAACAAACTGTC,V4,0.0,0.33495146,6373.0,1891
CAGCTGGAGGCGACAT,V2,0.0,0.16006985,12559.0,2864
CAGCTGGCACATCCAA,V3,0.0,0.2745407,17329.0,3307
CAGCTGGTCTAACTCT,V5,0.0,0.77165353,3174.0,1124
CAGGTGCGTCCGACGT,V2,0.0,0.1368421,9363.0,2558
CAGGTGCTCAACACGT,Crypt,0.0,0.0608543,13382.0,3262
CAGGTGCTCAAGAAGT,V1,0.0,0.06598115,8902.0,2532
CAGTAACAGTAACCCT,V6,0.0,0.92320263,3385.0,965
CATATGGCATGCCTTC,V4,0.0,0.5810277,4548.0,1142
CATATGGGTGGCCCTA,V3,0.0,0.2496879,6431.0,1967
CATCGGGAGGCTCATT,Crypt,0.0,0.05580357,3575.0,1308
CATCGGGCAATAAGCA,V4,0.0,0.35869566,1819.0,651
CATCGGGCAATGTTGC,V1,0.0,0.056020606,13346.0,3297
CATCGGGGTGTGGTTT,V5,0.0,0.6834925,7058.0,1904
CATGACAGTAGAAGGA,V1,0.0,0.08463435,10395.0,2713
CATGACATCTGAAAGA,V1,0.0,0.060787246,12211.0,2927
CATGCCTGTAATCACC,V4,0.0,0.45614034,3848.0,1136
CATGCCTTCAGTTCGA,V6,0.0,0.9406615,5826.0,1230
CATGGCGAGATCCGAG,Crypt,0.0,0.05964912,10596.0,2648
CATGGCGGTGTGGTTT,Crypt,0.0,0.04321521,8906.0,2492
CATTATCCATGCTGGC,Crypt,0.0,0.06798715,15215.0,3658
CATTCGCGTAGAGTGC,V5,0.0,0.6400778,5602.0,1585
CCAATCCCAATTGCTG,V5,0.0,0.8040089,4291.0,1260
CCAATCCGTTTGCATG,Crypt,0.0,0.05116279,5298.0,1808
CCACCTATCTCCAACC,V4,0.0,0.4257028,5463.0,1860
CCACTACCATATACCG,V1,0.0,0.079084285,8442.0,2340
CCACTACGTCTGATTG,V4,0.0,0.34191176,4847.0,1361
CCAGCGAAGGGATCTG,V1,0.0,0.0467365,9190.0,2657
CCATGTCCAATAACGA,V5,0.0,0.6197917,4572.0,1367
CCATGTCCAGTCGATT,V2,0.0,0.16323732,6927.0,2186
CCCAATCGTCAGGACA,V4,0.0,0.3301105,6519.0,2026
CCCAGTTTCGACGGAA,V1,0.0,0.072829135,9103.0,2585
CCCTCCTCAACTTGAC,V4,0.0,0.45762712,6263.0,1826
CCCTCCTCAATGTTGC,V2,0.0,0.16558206,10489.0,2448
CCCTCCTCATGGGAAC,V5,0.0,0.69876075,8169.0,2036
CCCTCCTTCGTCCAGG,V2,0.0,0.2146739,7112.0,2149
CCGGGATCAGTGGAGT,V1,0.0,0.043549713,9406.0,2560
CCGGTAGCAAGGACTG,V5,0.0,0.7947826,4475.0,1158
CCGGTAGGTATAGTAG,V2,0.0,0.1649635,6486.0,1971
CCGTACTTCAGGTAAA,V6,0.0,0.93485713,3913.0,1001
CCGTACTTCTATCGCC,Crypt,0.0,0.094993584,7166.0,2345
CCGTTCAAGTAGCCGA,V6,0.0,0.94859815,6331.0,1186
CCTACCATCTTCGAGA,V1,0.0,0.03567182,11477.0,2831
CCTAGCTGTTCGGCAC,V4,0.0,0.56206894,4185.0,1108
CCTATTAAGGGTCTCC,V1,0.0,0.046937153,8856.0,2546
CCTATTATCCAGATCA,Crypt,0.0,0.05203136,11238.0,2847
CCTCAGTCACTTCTGC,V6,0.0,0.8618182,2867.0,808
CCTCAGTTCTACTATC,V1,0.0,0.0892575,8868.0,2402
CCTCTGACATATACCG,V1,0.0,0.041788857,30281.0,5200
CCTCTGAGTTCGCGAC,V5,0.0,0.6676923,4306.0,1245
CCTCTGAGTTTACTCT,V1,0.0,0.04740904,20062.0,4108
CCTTACGCAGCTGCAC,V2,0.0,0.21118012,9171.0,2636
CCTTCCCGTTAAAGAC,V3,0.0,0.27758008,4198.0,1130
CCTTCGAAGTCATGCT,V6,0.0,0.90041494,2392.0,818
CCTTCGAGTCATTAGC,V1,0.0,0.058208954,9679.0,2603
CCTTCGATCCTGCCAT,Crypt,0.0,0.046653144,9048.0,2805
CCTTTCTCATGGGAAC,V1,0.0,0.05721831,8574.0,2377
CGAACATCACGTTGGC,V6,0.0,0.9204793,5332.0,1187
CGAACATTCCTGCTTG,Crypt,0.0,0.04609929,10852.0,2710
CGAATGTCACGCTTTC,V4,0.0,0.5813953,3217.0,1247
CGAATGTCAGGTCTCG,V1,0.0,0.03708134,12444.0,3030
CGAATGTTCCCATTTA,Crypt,0.0,0.070308276,15631.0,3563
CGACTTCCAGACGTAG,V4,0.0,0.39689267,5608.0,1747
CGACTTCCATGACGGA,V2,0.0,0.19017857,11883.0,2406
CGACTTCTCTATCCTA,Crypt,0.0,0.082057565,15397.0,3764
CGAGAAGCAATGGAAT,Crypt,0.0,0.040192924,15270.0,3441
CGAGCCATCGAATGCT,Crypt,0.0,0.040614333,23544.0,4830
CGATCGGAGGCCGAAT,V1,0.0,0.065727696,14709.0,3289
CGATGGCAGACAATAC,Crypt,0.0,0.060192615,9624.0,2716
CGATGGCAGTCAAGGC,V5,0.0,0.69411767,3234.0,947
CGATTGAAGTTCCACA,V1,0.0,0.05891473,4790.0,1681
CGATTGACACCTCGGA,V1,0.0,0.056648776,11399.0,2776
CGCGGTAAGGCCCGTT,V1,0.0,0.03897116,8805.0,2443
CGCGGTAAGTCCGTAT,V4,0.0,0.3583815,5344.0,1420
CGCGGTACACATGACT,V4,0.0,0.43783784,4754.0,1292
CGCGTTTCAATGGAAT,V2,0.0,0.23103449,4111.0,1547
CGCTATCCACATTTCT,Crypt,0.0,0.075514875,11515.0,3202
CGCTGGACAGCTCGCA,V5,0.0,0.80333334,2995.0,952
CGCTGGATCGAACGGA,Crypt,0.0,0.074985355,13184.0,3255
CGGACGTTCGTTTAGG,V1,0.0,0.04767006,13151.0,3126
CGGACTGCACCACGTG,V1,0.0,0.032585472,13793.0,3130
CGGACTGGTGGGTCAA,V2,0.0,0.20632531,6078.0,1971
CGGAGCTTCACCATAG,V1,0.0,0.06445993,4360.0,1595
CGGGTCAGTTCCATGA,V1,0.0,0.03853755,16355.0,3939
CGGTTAAAGAGTAATC,V3,0.0,0.2541806,5836.0,1804
CGGTTAAAGCGAAGGG,V1,0.0,0.045944005,9932.0,2520
CGGTTAACACGTAAGG,V1,0.0,0.058858152,11805.0,2888
CGGTTAATCAGTACGT,V4,0.0,0.3863109,7659.0,2200
CGGTTAATCTGGCGAC,V6,0.0,0.86901593,7704.0,1618
CGTAGCGAGCTTCGCG,V4,0.0,0.42762062,8115.0,1924
CGTAGCGCAACACCTA,V1,0.0,0.083333336,8109.0,2344
CGTAGCGGTCCCTACT,V1,0.0,0.047321893,13948.0,3260
CGTAGCGTCGGTGTTA,V3,0.0,0.27067015,8402.0,2110
CGTCACTGTCCAGTTA,V1,0.0,0.097758405,14154.0,3499
CGTCAGGAGAATGTTG,V2,0.0,0.14981273,9106.0,2508
CGTCAGGTCCGCAAGC,Crypt,0.0,0.4150454,6187.0,2247
CGTCCATCATGCTAGT,V2,0.0,0.18786693,7650.0,1983
CGTCCATGTTCACGGC,V4,0.0,0.36915886,3536.0,1190
CGTCCATTCTGGTGTA,V2,0.0,0.13324538,6987.0,2161
CGTTAGAAGCTACCGC,V4,0.0,0.4801444,4554.0,1383
CGTTAGATCGCTGATA,V1,0.0,0.039806996,18952.0,3848
CGTTAGATCGGATGTT,V4,0.0,0.34517765,10781.0,2566
CGTTAGATCTTATCTG,V4,0.0,0.30876493,6669.0,1847
CGTTCTGAGGTGTGGT,V5,0.0,0.69135803,3558.0,1104
CGTTCTGTCCTACAGA,V2,0.0,0.21052632,9677.0,2553
CGTTGGGAGCTGAACG,V1,0.0,0.03682037,22685.0,4589
CGTTGGGGTTTGGCGC,V2,0.0,0.23042837,7067.0,2120
CTAATGGAGCGAAGGG,V4,0.0,0.40501043,4906.0,1706
CTAATGGCACCTCGGA,V2,0.0,0.14345549,7973.0,2292
CTAATGGCAGATGAGC,V2,0.0,0.17736289,7002.0,2186
CTACACCCAAACCCAT,V1,0.0,0.043137256,11433.0,2760
CTACACCTCACTTCAT,Crypt,0.0,0.045397226,13070.0,3360
CTACACCTCGGCGCAT,V1,0.0,0.07748869,11316.0,2566
CTACATTAGGCTACGA,Crypt,0.0,0.04145937,9801.0,2923
CTACATTTCCCTGACT,V2,0.0,0.17620344,8886.0,2342
CTACCCAGTACATCCA,V1,0.0,0.0795107,10023.0,2752
CTACGTCAGAGATGAG,V4,0.0,0.40296295,6617.0,2014
CTACGTCCAGTCGTGC,V5,0.0,0.7285068,5525.0,1566
CTAGAGTCACAGGAGT,Crypt,0.0,0.05533597,8165.0,2482
CTAGCCTAGGAGCGAG,Crypt,0.0,0.045454547,11381.0,2804
CTAGTGAAGGACAGAA,V6,0.0,0.9062349,11482.0,2207
CTAGTGACACCCTATC,V1,0.0,0.041769043,13851.0,3279
CTCAGAACAATTCCTT,V4,0.0,0.5195767,9594.0,2577
CTCAGAATCTTGTCAT,V4,0.0,0.35367763,6219.0,1900
CTCATTATCACCCGAG,V4,0.0,0.45609757,4642.0,1536
CTCATTATCCCATTAT,V1,0.0,0.059714045,8470.0,2465
CTCGAAACATAACCTG,V1,0.0,0.048623316,15380.0,3660
CTCGAAAGTACTCAAC,V5,0.0,0.7007299,1983.0,631
CTCGAAAGTATGAATG,V5,0.0,0.82736576,5420.0,1479
CTCGAAAGTGCAGACA,V5,0.0,0.71823204,3061.0,966
CTCGGGAAGCCGTCGT,V2,0.0,0.21208385,6472.0,2001
CTCGGGAAGGACTGGT,V5,0.0,0.61244017,3145.0,995
CTCGTACTCACCACCT,V1,0.0,0.06549935,11388.0,2854
CTCGTCAAGACGCAAC,Crypt,0.0,0.060144927,11097.0,3084
CTCGTCAAGGGTGTGT,V6,0.0,0.9324713,3718.0,1049
CTCGTCAAGTCTCGGC,V1,0.0,0.060869563,13618.0,3166
CTCGTCACAGTCAGCC,V4,0.0,0.44524238,6668.0,2016
CTCTAATGTAAGGGAA,V1,0.0,0.039350405,10752.0,2759
CTCTAATTCCAAACTG,V1,0.0,0.041129034,9042.0,2514
CTCTAATTCGGGAGTA,Crypt,0.0,0.043956045,15054.0,3273
CTCTACGCACGGCCAT,Crypt,0.0,0.055045873,15649.0,3512
CTCTACGGTTAAGACA,V3,0.0,0.24293785,5172.0,1232
CTCTGGTGTTACGGAG,Crypt,0.0,0.042643923,11264.0,2808
CTCTGGTTCGTAGATC,Crypt,0.0,0.21271394,16150.0,3956
CTGAAGTCATAGTAAG,V6,0.0,0.87215906,2746.0,914
CTGAAGTCATCACGAT,V1,0.0,0.11174785,6011.0,1851
CTGAAGTCATCCGTGG,Crypt,0.0,0.04749164,11545.0,3105
CTGATAGAGTATTGGA,V4,0.0,0.5827922,7063.0,1635
CTGCCTACAAGTACCT,V5,0.0,0.80991733,4562.0,1219
CTGCCTAGTTCCACTC,V1,0.0,0.09970238,8970.0,2328
CTGCGGAAGTGAAGTT,Crypt,0.0,0.039473683,9283.0,2605
CTGCGGAAGTTAGGTA,Crypt,0.0,0.061561562,11286.0,2720
CTGCTGTTCAAGGCTT,Crypt,0.0,0.057042252,10274.0,2691
CTGCTGTTCCAAATGC,V5,0.0,0.7099237,5296.0,1584
CTTACCGAGGTCATCT,V5,0.0,0.66467065,2813.0,895
CTTACCGGTCCAACTA,V5,0.0,0.7234849,3438.0,941
CTTACCGGTTACGGAG,V3,0.0,0.2613909,6931.0,2127
CTTAGGACAAACGCGA,V2,0.0,0.13985375,8409.0,2254
CTTAGGACAACACCCG,V5,0.0,0.62566847,4922.0,1635
CTTAGGAGTTAAGTAG,V1,0.0,0.043670885,13108.0,3352
CTTCTCTCACGACTCG,V4,0.0,0.59322035,5906.0,1474
CTTCTCTCATGGTAGG,V5,0.0,0.82304525,2768.0,869
CTTCTCTGTCCGTTAA,V2,0.0,0.1506647,5174.0,1777
CTTCTCTTCTCTAGGA,Crypt,0.0,0.06896552,14108.0,3416
CTTGGCTAGGAACTGC,V1,0.0,0.0625,8327.0,2511
CTTTGCGAGCGATGAC,V2,0.0,0.16019417,3537.0,1084
CTTTGCGGTGCAGGTA,V4,0.0,0.42189056,8952.0,2224
GAAACTCAGCCTCGTG,V6,0.0,0.87820894,9296.0,1860
GAAACTCTCTTTAGTC,V4,0.0,0.5923345,3907.0,1257
GAACATCAGGCGCTCT,V1,0.0,0.08490566,4828.0,1402
GAACATCGTCACACGC,V1,0.0,0.05141658,6986.0,2261
GAACATCGTGCCTGTG,V5,0.0,0.7348837,2246.0,819
GAACCTACATGCTGGC,V4,0.0,0.45251396,5288.0,1310
GAAGCAGAGGCAGTCA,V4,0.0,0.39896372,5345.0,1548
GAAGCAGAGGCCGAAT,V3,0.0,0.27809966,6984.0,1964
GAAGCAGGTACCGTAT,Crypt,0.0,0.04322527,20789.0,4356
GAAGCAGTCATCGGAT,V4,0.0,0.31090486,4812.0,1714
GAATGAAAGATCCGAG,Crypt,0.0,0.05586592,14791.0,3502
GAATGAACAGACAAAT,V4,0.0,0.4790997,5759.0,1581
GAATGAAGTCACCCAG,V3,0.0,0.24664429,6188.0,1989
GACAGAGCAAGTACCT,V5,0.0,0.63203466,5590.0,1393
GACAGAGCATACGCCG,V5,0.0,0.6858476,6090.0,1472
GACCAATAGTCAATAG,V5,0.0,0.6297872,5445.0,1376
GACCAATGTTACGGAG,V4,0.0,0.5882353,5463.0,1486
GACCAATTCGGAGCAA,Crypt,0.0,0.041844577,8943.0,2449
GACCTGGCATCGATGT,V5,0.0,0.73568285,2418.0,890
GACCTGGGTTGGTTTG,V5,0.0,0.69491524,2864.0,819
GACGCGTCAGGACCCT,V4,0.0,0.31408775,7292.0,2059
GACGCGTCATTCTCAT,V6,0.0,0.8422877,4588.0,1109
GACGCGTGTGTTGAGG,V4,0.0,0.36658934,5057.0,1535
GACGCGTTCCATTCTA,V3,0.0,0.26879504,8261.0,2316
GACGTGCGTTCAGTAC,V1,0.0,0.053061225,11110.0,2878
GACGTTAGTATTCGTG,V3,0.0,0.2520046,6971.0,1995
GACTAACAGCCGATTT,V5,0.0,0.7923387,4397.0,1270
GACTAACAGGGTCGAT,V1,0.0,0.041697692,10056.0,2761
GACTAACCAACACCCG,V5,0.0,0.7346154,4557.0,1481
GACTAACCAGGGCATA,V6,0.0,0.8811189,7122.0,1647
GACTAACCATCACCCT,V4,0.0,0.42643392,4565.0,1624
GACTAACGTCACACGC,Crypt,0.0,0.057744566,25367.0,4650
GACTAACTCAAGGCTT,V3,0.0,0.25,7037.0,1752
GACTGCGAGAGACTAT,V4,0.0,0.37190083,2393.0,910
GACTGCGTCCCAACGG,Crypt,0.0,0.04649549,11860.0,2999
GAGCAGAAGTGCAAGC,V1,0.0,0.046666667,7963.0,2284
GATCAGTCAGCGATCC,V6,0.0,0.9031477,2663.0,777
GATCGATTCCTGTACC,Crypt,0.0,0.0377804,13382.0,3218
GATCGCGCAATAGCGG,V5,0.0,0.82363635,3742.0,1138
GATCGCGCACGGTGTC,V1,0.0,0.07544757,7964.0,2318
GATCGCGCAGAGCCAA,Crypt,0.0,0.05832629,10528.0,2921
GATCGCGGTGACAAAT,Crypt,0.0,0.038291607,9944.0,2693
GATCGTAGTCAAAGAT,V5,0.0,0.68349516,5171.0,1351
GATCTAGGTCGCGAAA,V5,0.0,0.7844828,2950.0,999
GATGAAACAATGGTCT,V4,0.0,0.36097562,3849.0,1145
GATGAAACACGCTTTC,V5,0.0,0.822376,5319.0,1503
GATGAAAGTCGATTGT,V4,0.0,0.49330357,4767.0,1582
GATGAGGCATGGGAAC,V1,0.0,0.10141093,8871.0,2467
GATTCAGAGTTACCCA,V6,0.0,0.8547297,3481.0,796
GATTCAGGTATATCCG,Crypt,0.0,0.05742297,10502.0,2750
GATTCAGGTGTGCCTG,Crypt,0.0,0.0459854,9693.0,2519
GCAAACTCAAGCGTAG,V4,0.0,0.41204438,5898.0,1843
GCAAACTTCTGCAGTA,V1,0.0,0.079961926,17133.0,3965
GCAGCCACAGAGCCAA,V4,0.0,0.53019804,13260.0,2932
GCAGTTATCCCAAGAT,V1,0.0,0.032967035,10863.0,2717
GCAGTTATCGTTTGCC,V1,0.0,0.06196999,12446.0,3060
GCAGTTATCTTGCATT,V6,0.0,0.88593155,4070.0,1146
GCATACAGTTCGTTGA,V2,0.0,0.13204509,12198.0,2710
GCATACATCACAAACC,V4,0.0,0.31866667,6899.0,2080
GCATGCGCAATGGTCT,V1,0.0,0.047949526,10315.0,2658
GCATGTAAGGGTTCCC,V1,0.0,0.043715846,9977.0,2673
GCATGTATCTCATTCA,Crypt,0.0,0.050211735,13721.0,3431
GCCAAATTCGCTGATA,V4,0.0,0.40943396,10666.0,2678
GCGACCAAGGCTACGA,V5,0.0,0.74202126,4935.0,1115
GCGAGAATCAGCCTAA,Crypt,0.0,0.04350692,12159.0,3171
GCGCCAAAGTCCGTAT,Crypt,0.0,0.076724134,9592.0,2623
GCGCGATGTTATCGGT,Crypt,0.0,0.06580087,8870.0,2652
GCGCGATTCTTGCATT,V1,0.0,0.09128631,3877.0,1443
GCTGCAGCATTTGCTT,Crypt,0.0,0.053224154,15612.0,3668
GCTGCAGGTTACCAGT,V4,0.0,0.5043668,3534.0,1202
GCTGCGAAGTAGATGT,Crypt,0.0,0.046875,10634.0,2875
GCTGCGACATATGAGA,V5,0.0,0.73751783,6400.0,1560
GCTGCTTTCTAAGCCA,V5,0.0,0.6407767,3851.0,1095
GCTTGAATCGTGGGAA,Crypt,0.0,0.038399134,14135.0,3331
GGAAAGCGTCGCCATG,V1,0.0,0.09778226,7338.0,2143
GGAAAGCTCTGCTTGC,V1,0.0,0.08022599,12084.0,2796
GGAACTTCAGTAACGG,V4,0.0,0.5642458,2917.0,965
GGAATAACAACGATGG,V4,0.0,0.5330189,3233.0,1036
GGAATAACAGCTTAAC,V4,0.0,0.36790124,5493.0,1609
GGAATAACATTAACCG,V4,0.0,0.37111518,6358.0,1996
GGACAAGGTAGCGTGA,V1,0.0,0.0736703,17818.0,3264
GGACATTTCTTGCCGT,Crypt,0.0,0.06393744,17725.0,4015
GGACGTCCATATGGTC,V5,0.0,0.74930364,3801.0,1095
GGAGCAATCTCCGGTT,Crypt,0.0,0.04892368,5628.0,1970
GGATGTTTCATAAAGG,Crypt,0.0,0.047439758,10714.0,2834
GGATTACCAGTTTACG,V1,0.0,0.11136891,7398.0,2199
GGCGTGTCAATAGCGG,V1,0.0,0.06185973,14579.0,2984
GGCTCGAAGCACCGCT,V6,0.0,0.89807165,4071.0,1015
GGCTCGATCAACGGCC,V3,0.0,0.2618705,5563.0,1974
GGGAATGAGCCGGTAA,V5,0.0,0.619338,9828.0,2372
GGGAATGTCATGCTCC,V2,0.0,0.21510884,11602.0,2648
GGGACCTAGTAATCCC,V5,0.0,0.75883573,7610.0,1993
GGGAGATAGGTGGGTT,V2,0.0,0.18417463,6160.0,2039
GGGATGACATGCCCGA,V1,0.0,0.073619634,3991.0,1458
GGGATGAGTAAAGGAG,V5,0.0,0.62691134,4437.0,1252
GGGCACTAGGGTTTCT,V1,0.0,0.1056394,10780.0,2844
GGGCACTGTTAGATGA,V5,0.0,0.6387833,6377.0,1774
GGGCATCCACCACGTG,V1,0.0,0.109195404,5235.0,1731
GGGTCTGAGTAGCGGT,V4,0.0,0.47553515,5946.0,1839
GGTATTGTCCGCATAA,Crypt,0.0,0.052518755,14016.0,3253
GGTGAAGAGACTACAA,V2,0.0,0.15835312,10270.0,2537
GGTGAAGAGATGTGGC,V4,0.0,0.29970327,6633.0,1539
GGTGAAGGTTCAACCA,Crypt,0.0,0.075247526,16224.0,3620
GGTGCGTGTAAAGGAG,V1,0.0,0.059198543,8142.0,2378
GGTGTTACATGAAGTA,V1,0.0,0.06438426,16375.0,3971
GGTGTTAGTTAGAACA,V2,0.0,0.1854083,14428.0,2990
GTAACGTCATGACGGA,V2,0.0,0.19284295,5696.0,1912
GTACGTAGTCTGCCAG,V1,0.0,0.05303933,11441.0,2723
GTACGTATCACTGGGC,V5,0.0,0.80602634,3831.0,1113
GTACTCCGTGACGCCT,V4,0.0,0.5797665,5408.0,1251
GTACTTTTCTGGAGCC,V2,0.0,0.19855596,2314.0,981
GTAGGCCGTTGTGGAG,V1,0.0,0.05172414,13752.0,3138
GTAGTCAAGATATGCA,V4,0.0,0.46333334,6505.0,1762
GTAGTCACACACATGT,V6,0.0,0.9198443,5893.0,1360
GTATTCTCAATGGAGC,Crypt,0.0,0.055361304,14242.0,3380
GTATTCTGTCTTTCAT,Crypt,0.0,0.052577846,14979.0,3507
GTCAAGTCAATAGAGT,V5,0.0,0.82978725,3572.0,903
GTCACAAAGTCCATAC,V2,0.0,0.12043796,8938.0,2457
GTCACAACACCTCGGA,V5,0.0,0.7219662,6924.0,1897
GTCACAAGTAGCGTCC,V1,0.0,0.064401984,10261.0,2679
GTCACGGAGCGTGAGT,V4,0.0,0.54969877,7208.0,2111
GTCGGGTTCACCGGGT,V4,0.0,0.33372092,6718.0,1856
GTCGTAACAAGCGCTC,V6,0.0,0.85374147,2429.0,790
GTCGTAATCCAGTAGT,V1,0.0,0.03649635,9675.0,2550
GTCTCGTGTCTGATTG,V4,0.0,0.49115044,3449.0,1003
GTCTTCGCATCGTCGG,V4,0.0,0.3615635,4349.0,1518
GTCTTCGTCCCTGACT,V1,0.0,0.06281407,14503.0,3487
GTGAAGGAGGGAAACA,V1,0.0,0.087643676,6150.0,1649
GTGCAGCAGTGCGTGA,Crypt,0.0,0.049073063,15124.0,3412
GTGCAGCAGTTGAGAT,Crypt,0.0,0.060606062,11934.0,3107
GTGCAGCCAGCTGGCT,V1,0.0,0.06001446,9841.0,2683
GTGCATAGTCCGTCAG,V5,0.0,0.61230767,3944.0,1088
GTGCTTCAGCTCCTTC,V3,0.0,0.26390773,10552.0,2386
GTGGGTCGTAGCTAAA,V1,0.0,0.04901961,11272.0,2733
GTGTGCGAGGTCATCT,Crypt,0.0,0.045177046,13181.0,3211
GTGTTAGCAAAGGCGT,V2,0.0,0.14832535,3368.0,1248
GTTAAGCCAATTGCTG,Crypt,0.0,0.05601469,8959.0,2539
GTTAAGCGTCGAATCT,V2,0.0,0.17266187,8493.0,2202
GTTCGGGTCACCTTAT,V1,0.0,0.11034483,9207.0,2483
TAAGCGTAGTAGGTGC,V1,0.0,0.055128206,6687.0,2088
TACACGACACTGCCAG,V1,0.0,0.055813953,10716.0,2635
TACAGTGGTACGCTGC,V3,0.0,0.24227442,8004.0,2282
TACCTTACAGCTGCAC,V5,0.0,0.6618421,7655.0,2095
TACCTTATCAGATAAG,Crypt,0.0,0.060080107,12081.0,3058
TACGGATCAAGCGAGT,V2,0.0,0.12050078,6153.0,2002
TACGGATCATCTACGA,V1,0.0,0.055594653,10060.0,2705
TACGGATGTGAAATCA,V4,0.0,0.30942184,7655.0,2196
TACGGGCAGGACAGAA,Crypt,0.0,0.04427832,13511.0,3181
TACGGGCAGGGTTCCC,V2,0.0,0.21099745,6880.0,1910
TACGGTAAGCAGACTG,V1,0.0,0.10489914,11207.0,2519
TACTCATAGCGAGAAA,V1,0.0,0.047261816,9651.0,2588
TACTCATGTAGTACCT,V4,0.0,0.32735425,4102.0,1441
TACTCGCAGTTACCCA,V5,0.0,0.64942527,2371.0,774
TACTCGCCACGGCCAT,V4,0.0,0.42553192,2073.0,723
TACTCGCTCTTCTGGC,V1,0.0,0.037876435,24072.0,4484
TACTTACAGACAGGCT,V5,0.0,0.79096043,2093.0,741
TACTTGTTCTGCGGCA,V4,0.0,0.41286308,8410.0,2355
TAGAGCTTCCGTAGTA,V4,0.0,0.46300715,5217.0,1448
TAGCCGGAGCGATGAC,V4,0.0,0.57240707,9923.0,2527
TAGCCGGTCAGCACAT,V5,0.0,0.7972028,4487.0,1462
TAGCCGGTCATTGCGA,V2,0.0,0.12796834,6824.0,2097
TAGCCGGTCGCGTTTC,V4,0.0,0.51657456,4725.0,1281
TAGGCATAGACTGGGT,V1,0.0,0.05518917,21210.0,4082
TAGTGGTCATGTCGAT,V4,0.0,0.5323276,9844.0,2505
TAGTGGTGTCAACTGT,V6,0.0,0.89120877,4659.0,1213
TAGTGGTTCTGGAGCC,V1,0.0,0.046239212,10836.0,2761
TAGTTGGAGAAGCCCA,V5,0.0,0.6032172,3553.0,1308
TAGTTGGCAGGTCGTC,V4,0.0,0.30111524,5882.0,1950
TAGTTGGTCCCTCAGT,V6,0.0,0.875,4408.0,1287
TATCAGGCATTAGGCT,Crypt,0.0,0.06958251,11113.0,2808
TCAATCTCACCAGCAC,V6,0.0,0.92253524,2429.0,633
TCAATCTCAGTGGAGT,V5,0.0,0.7265343,10146.0,2228
TCACAAGAGTATGACA,V4,0.0,0.5448113,5921.0,1436
TCACAAGCAACGCACC,V1,0.0,0.08834665,14703.0,3188
TCACAAGCAAGCCGCT,V1,0.0,0.0962171,10106.0,2764
TCACAAGCACGGTAAG,V4,0.0,0.41483724,8809.0,2092
TCACAAGTCAGCTTAG,V4,0.0,0.57242584,6010.0,1597
TCACGAAGTAAGCACG,V1,0.0,0.0936803,10162.0,2659
TCACGAAGTTTGCATG,Crypt,0.0,0.046074282,16465.0,3780
TCAGATGCACCTCGGA,V2,0.0,0.18227217,6940.0,2008
TCAGATGCATCGACGC,V3,0.0,0.26695842,6052.0,1873
TCAGATGTCATCACCC,V1,0.0,0.04425612,25173.0,4621
TCAGCTCTCATAAAGG,V5,0.0,0.7557252,2492.0,781
TCAGCTCTCATTCACT,V5,0.0,0.64801866,5024.0,1348
TCATTACTCCGTTGTC,V6,0.0,0.9522613,3926.0,843
TCCCGATCATGTTCCC,V4,0.0,0.41323793,7821.0,1798
TCGAGGCAGTTGTCGT,V3,0.0,0.26226014,3832.0,1342
TCGAGGCCATCTACGA,V4,0.0,0.50217074,6459.0,1992
TCGAGGCTCCGTAGGC,V6,0.0,0.9289872,4718.0,1013
TCGAGGCTCTGATTCT,V5,0.0,0.76878613,2202.0,653
TCGCGAGAGAGGTTAT,V2,0.0,0.21145375,7576.0,1974
TCGCGAGGTATATGAG,V1,0.0,0.0589651,16809.0,3560
TCGCGAGTCGGAATCT,V1,0.0,0.035604395,17776.0,3813
TCGCGAGTCTTTCCTC,V1,0.0,0.055707265,13553.0,3212
TCGCGTTGTTGAGTTC,V2,0.0,0.16085157,13549.0,2988
TCGGTAATCCGTAGGC,V1,0.0,0.067883626,11457.0,2817
TCGTACCTCGCGTTTC,V6,0.0,0.8700565,4999.0,1288
TCGTAGAAGTTACGGG,V4,0.0,0.44223827,5084.0,1604
TCTATTGTCCTGCCAT,V5,0.0,0.76687115,3307.0,1153
TCTCATAGTTCCGGCA,V5,0.0,0.70422536,3231.0,864
TCTCTAACACATTCGA,V2,0.0,0.14319111,15185.0,3499
TCTGAGACATATGGTC,V1,0.0,0.047879618,5307.0,1814
TCTGGAAGTACCGTTA,V4,0.0,0.5961995,4668.0,1447
TCTTCGGAGAGACTTA,Crypt,0.0,0.12278107,13913.0,3694
TCTTCGGCACCGTTGG,Crypt,0.0,0.050139274,17640.0,3978
TCTTCGGGTTCCACAA,Crypt,0.0,0.07470289,14486.0,3402
TCTTCGGGTTTGCATG,Crypt,0.0,0.060714286,3240.0,1197
TCTTTCCAGAAGGTGA,Crypt,0.0,0.056617647,10824.0,2870
TCTTTCCGTTCCGGCA,V2,0.0,0.14396887,9865.0,2743
TCTTTCCTCGCTTGTC,V5,0.0,0.76303315,2464.0,791
TGAAAGAAGTACACCT,Crypt,0.0,0.04774536,27966.0,5321
TGAAAGATCTAACTCT,Crypt,0.0,0.04982818,8758.0,2490
TGACAACCAGATCTGT,V3,0.0,0.24555735,6826.0,1998
TGACGGCGTAACGCGA,Crypt,0.0,0.045918368,7759.0,2330
TGACTAGAGTAGGTGC,V6,0.0,0.93112946,2422.0,865
TGACTAGTCGTTTATC,V1,0.0,0.059335444,9538.0,2651
TGACTTTAGTAGCCGA,V6,0.0,0.926045,5517.0,1310
TGACTTTAGTTACGGG,Crypt,0.0,0.03888889,11238.0,3075
TGACTTTCAGTCAGAG,V4,0.0,0.4068441,4464.0,1706
TGAGAGGAGCTGTCTA,V4,0.0,0.4676525,5029.0,1678
TGAGCATAGCGATTCT,V1,0.0,0.08978328,10542.0,2576
TGAGCATCACGCTTTC,Crypt,0.0,0.03214286,5197.0,1624
TGAGCCGGTGTGCCTG,Crypt,0.0,0.10850112,8515.0,2880
TGAGCCGTCTGACCTC,V1,0.0,0.09628543,15762.0,3844
TGAGGGAGTCACCCAG,V4,0.0,0.507438,6410.0,1975
TGAGGGATCTTTAGTC,V5,0.0,0.63235295,3702.0,1192
TGCACCTAGTACTTGC,V6,0.0,0.9283489,2566.0,780
TGCCAAAAGGCGACAT,V5,0.0,0.69343066,3506.0,1002
TGCCAAACACATCTTT,V2,0.0,0.14770798,9040.0,2519
TGCCAAAGTACCGCTG,V3,0.0,0.25376594,7538.0,2165
TGCCCATGTGTGACGA,V4,0.0,0.53770494,6604.0,1967
TGCCCATGTTCGAATC,V4,0.0,0.43048128,4572.0,1537
TGCGCAGTCACTCTTA,Crypt,0.0,0.023338048,8665.0,2576
TGCGCAGTCGAATGGG,V6,0.0,0.90533733,5663.0,1394
TGCGCAGTCTGGCGAC,V4,0.0,0.5141563,6869.0,1845
TGCGGGTTCCATGAAC,V1,0.0,0.08027079,12820.0,2934
TGCTACCCACGAGGTA,V4,0.0,0.49469966,3523.0,1185
TGCTACCGTCCATGAT,V4,0.0,0.57342654,6234.0,1770
TGCTGCTGTCGCGAAA,V2,0.0,0.16013925,8516.0,2215
TGGACGCCACAGGAGT,V5,0.0,0.6781609,4439.0,1116
TGGACGCCAGACGCTC,Crypt,0.0,0.20264766,16066.0,3995
TGGACGCGTAGCCTAT,V6,0.0,0.92396694,4111.0,921
TGGACGCGTCCCTACT,Crypt,0.0,0.057142857,21790.0,4203
TGGCCAGAGGCGATAC,V4,0.0,0.5033025,6401.0,1686
TGGCCAGAGTTCGATC,V2,0.0,0.18659218,7015.0,2127
TGGCCAGCACATTAGC,V1,0.0,0.057705842,10564.0,2888
TGGCTGGAGTCTCAAC,Crypt,0.0,0.051413883,12110.0,3015
TGGCTGGTCATGTCCC,Crypt,0.0,0.034642033,5792.0,1899
TGGGAAGCATCGATTG,V2,0.0,0.21335505,9385.0,2281
TGGGCGTAGGTGCTAG,Crypt,0.0,0.043456033,14933.0,3337
TGGGCGTCATAGGATA,V4,0.0,0.39448053,5314.0,1645
TGGGCGTTCAGAGCTT,V4,0.0,0.56302524,2569.0,805
TGGTTAGGTTCTCATT,V2,0.0,0.16091955,7742.0,2056
TGGTTAGTCTGCTGTC,V4,0.0,0.38640776,6158.0,1780
TGTATTCTCGTATCAG,V1,0.0,0.08210181,9170.0,2581
TGTCCCAAGTACGACG,V5,0.0,0.7097792,7170.0,1915
TGTCCCACATTCTTAC,V4,0.0,0.58598727,2679.0,979
TGTGTTTCAAGAAAGG,V3,0.0,0.25093633,5430.0,1764
TGTGTTTCACCTCGGA,V4,0.0,0.589372,3365.0,1001
TGTGTTTGTGCAGACA,V4,0.0,0.48746082,5896.0,1873
TGTTCCGTCTTGTTTG,V6,0.0,0.9439528,2362.0,674
TTAACTCCATAAAGGT,Crypt,0.0,0.053731345,2673.0,1115
TTAGTTCCATCATCCC,V5,0.0,0.7979351,5660.0,1601
TTAGTTCGTCCCGACA,Crypt,0.0,0.052531645,13484.0,3403
TTCGAAGAGTTGTCGT,V5,0.0,0.7241379,4827.0,1246
TTCGAAGTCTGCGGCA,V4,0.0,0.4699248,5057.0,1295
TTCGGTCCACGCCAGT,V1,0.0,0.03946637,12187.0,2930
TTCGGTCTCAGCCTAA,V6,0.0,0.835,2167.0,715
TTCGGTCTCCGTCATC,V5,0.0,0.76779026,3402.0,902
TTCTCCTCAGATCCAT,V6,0.0,0.92,2290.0,602
TTCTCCTTCGGCTTGG,Crypt,0.0,0.04647436,9997.0,2825
TTGAACGCAATACGCT,V5,0.0,0.78341013,4846.0,1468
TTGACTTAGTCATCCA,V1,0.0,0.03637448,12209.0,2864
TTGACTTAGTCGTTTG,V5,0.0,0.7161716,4010.0,1130
TTGACTTCATTTGCTT,V4,0.0,0.58908045,3410.0,1313
TTGCCGTCAGAAGCAC,V4,0.0,0.39411765,4698.0,1645
TTGCGTCCACACATGT,V1,0.0,0.059602648,7876.0,2230
TTGCGTCGTAGGAGTC,V1,0.0,0.065126054,12996.0,2951
TTGGAACCATAGACTC,V4,0.0,0.41363636,3058.0,1419
TTGGAACGTCTCAACA,V2,0.0,0.13265306,14114.0,3153
TTGGCAACATCGATTG,V4,0.0,0.37546933,7158.0,2164
TTGTAGGGTAAGGGCT,V2,0.0,0.16515426,8711.0,2402
TTTACTGAGCTGAACG,V2,0.0,0.17603911,7806.0,2241
TTTACTGAGTCTCAAC,Crypt,0.0,0.055076312,12380.0,3119
TTTACTGCAGTCGTGC,V4,0.0,0.48734176,4106.0,1207
TTTATGCGTTGAGGTG,V1,0.0,0.08873897,14051.0,3381
TTTCCTCTCCCGACTT,V5,0.0,0.83111113,2168.0,745
TTTGCGCTCAAGATCC,V5,0.0,0.80588776,5547.0,1490
TTTGGTTCAAAGCAAT,V4,0.0,0.5208333,5117.0,1301
TTTGGTTTCAAAGTAG,V1,0.0,0.057921637,9133.0,2594
